LOCATION,SUBJECT,FREQUENCY,TIME,GDP_MLN_USD,GDP_USD_CAP,LTINT,debt_gdp,ln_gdp
AUS,TOT,A,2006,773925.843,37842.933976,5.587872,29.57842,13.559231337904267
AUS,TOT,A,2007,824690.484,39596.040082,5.994521,28.28024,13.622763424013515
AUS,TOT,A,2008,851983.13,40094.833205,5.817944,30.59481,13.655322005145937
AUS,TOT,A,2009,902680.372,41614.090724,5.039512,39.16329,13.713123807391934
AUS,TOT,A,2010,942676.08,42787.065957,5.366042,41.98516,13.75647800313636
AUS,TOT,A,2011,992327.38,44419.309749,4.879583,46.29339,13.807808351983624
AUS,TOT,A,2012,997527.347,43879.180355,3.379167,59.23946,13.813034842909204
AUS,TOT,A,2013,1104626.135,47761.21406,3.697292,55.70968,13.915017496317798
AUS,TOT,A,2014,1118494.158,47644.762792,3.656667,61.36842,13.927493836832074
AUS,TOT,A,2015,1126907.643,47317.250695,2.710833,64.18005,13.934987840240629
AUS,TOT,A,2016,1215297.461,50237.794429,2.336667,68.39156,14.010499428660626
AUS,TOT,A,2017,1251095.561,50853.615427,2.639167,65.60463,14.039530174221506
AUS,TOT,A,2018,1326164.114,53061.634053,2.684167,65.89544,14.097801208283716
AUS,TOT,A,2019,1346385.112,53067.877181,1.493333,75.67439,14.112933864162422
AUT,TOT,A,2006,310998.391,37614.942761,3.8,72.68636,12.647543017514547
AUT,TOT,A,2007,326699.296,39384.189618,4.2975,68.96463,12.696795442704685
AUT,TOT,A,2008,343812.976,41316.022642,4.358333,74.19278,12.747853114092406
AUT,TOT,A,2009,341644.307,40957.262321,3.936667,86.33044,12.741525436818225
AUT,TOT,A,2010,351610.069,42053.24337,3.225833,90.54397,12.770278082039537
AUT,TOT,A,2011,373031.477,44469.209642,3.319167,91.4737,12.82941808380537
AUT,TOT,A,2012,391635.176,46477.655075,2.3725,97.33756,12.87808601195777
AUT,TOT,A,2013,406370.245,47936.677963,2.01,94.3597,12.915019956522677
AUT,TOT,A,2014,417059.519,48813.534409,1.4875,101.8692,12.940984222010647
AUT,TOT,A,2015,430975.924,49942.056293,0.7463517,101.2852,12.97380750673675
AUT,TOT,A,2016,460282.647,52665.087457,0.3753925,102.5335,13.03959602976817
AUT,TOT,A,2017,476563.995,54185.337013,0.583265,96.54689,13.074357295262228
AUT,TOT,A,2018,504354.99,57068.534815,0.6861517,90.95426,13.131035644356908
AUT,TOT,A,2019,520804.077,58664.718719,0.0629325,88.89411,13.16312919818687
AUT,TOT,A,2020,494184.906,55407.641086,-0.2248375,NA,13.110665029779652
BEL,TOT,A,2006,371415.055,35211.893732,3.815,101.0699,12.825075462889636
BEL,TOT,A,2007,390457.716,36745.503067,4.328333,94.63382,12.87507496070885
BEL,TOT,A,2008,405729.43,37883.233422,4.4175,102.3672,12.913441787850212
BEL,TOT,A,2009,407862.461,37779.034875,3.901667,110.7298,12.918685291161346
BEL,TOT,A,2010,434412.544,39868.992658,3.4625,108.6802,12.98174992379636
BEL,TOT,A,2011,451932.625,40943.343479,4.233333,111.6199,13.02128838796935
BEL,TOT,A,2012,469720.336,42290.477674,3,120.9875,13.059892766798527
BEL,TOT,A,2013,487343.796,43672.712292,2.41,118.6558,13.096725099613536
BEL,TOT,A,2014,503619.623,44929.933328,1.713333,130.6104,13.129576545841966
BEL,TOT,A,2015,520877.807,46201.685891,0.84,126.2432,13.163270757719113
BEL,TOT,A,2016,550677.566,48599.202676,0.4758333,127.6711,13.218904737177281
BEL,TOT,A,2017,573712.461,50436.26033,0.7225,120.8667,13.259883610765442
BEL,TOT,A,2018,601841.891,52668.407357,0.795,117.6529,13.307750050260271
BEL,TOT,A,2019,628370.645,54693.240937,0.1933333,120.2191,13.350885470395964
BEL,TOT,A,2020,596227.81,51688.583464,-0.1483333,NA,13.298378104559244
CAN,TOT,A,2006,1241194.165,38107.136242,4.20776,91.14863,14.031584510449598
CAN,TOT,A,2007,1300942.608,39555.523703,4.269767,86.95385,14.078599642762955
CAN,TOT,A,2008,1342396.613,40376.330167,3.605302,89.72458,14.109967091598929
CAN,TOT,A,2009,1307953.077,38893.727456,3.230619,102.7107,14.083973936502588
CAN,TOT,A,2010,1364079.668,40114.222041,3.23514,105.0162,14.12599052330452
CAN,TOT,A,2011,1430807.125,41666.718851,2.783036,107.6597,14.173749266086219
CAN,TOT,A,2012,1468094.965,42290.879082,1.87341,111.3064,14.199476176118782
CAN,TOT,A,2013,1554122.745,44298.514462,2.261959,107.3234,14.256421793276948
CAN,TOT,A,2014,1621396.709,45753.782936,2.23083,108.3513,14.298798501806289
CAN,TOT,A,2015,1594850.842,44670.054374,1.521695,114.6343,14.282290773840728
CAN,TOT,A,2016,1678093.396,46472.368771,1.251758,114.1487,14.333168823578374
CAN,TOT,A,2017,1765763.154,48316.716527,1.783652,108.5559,14.384093536769118
CAN,TOT,A,2018,1862154.108,50239.988278,2.277912,107.3827,14.4372444981634
CAN,TOT,A,2019,1904502.917,50660.587438,1.588883,106.6808,14.459731596535223
CAN,TOT,A,2020,1839649.162,48405.147781,0.7531087,NA,14.425085438578707
CZE,TOT,A,2006,244624.887,23827.147382,3.8,31.97211,12.407481242766742
CZE,TOT,A,2007,270349.144,26189.798385,4.3025,30.56147,12.507469528539186
CZE,TOT,A,2008,290503.947,27853.549898,4.633333,32.96545,12.579372442100906
CZE,TOT,A,2009,290152.861,27656.015128,4.8375,39.66047,12.578163169987166
CZE,TOT,A,2010,292270.175,27789.608377,3.884167,44.05919,12.58543391031347
CZE,TOT,A,2011,304400.914,28999.754757,3.7075,46.98329,12.626100907593282
CZE,TOT,A,2012,307490.199,29258.904853,2.781667,56.23002,12.636198492550017
CZE,TOT,A,2013,324029.978,30828.526409,2.111667,55.96956,12.688591315185679
CZE,TOT,A,2014,342099.837,32504.217576,1.575833,54.84251,12.742857894496714
CZE,TOT,A,2015,357503.881,33909.309243,0.575,51.70708,12.78690149700133
CZE,TOT,A,2016,381420.335,36101.285601,0.4275,47.43294,12.851657287455014
CZE,TOT,A,2017,411327.86,38842.896268,0.9808334,43.32781,12.927145888369923
CZE,TOT,A,2018,437252.426,41147.631528,1.981667,39.73836,12.988265941178778
CZE,TOT,A,2019,458949.665,43015.814745,1.548333,37.73466,13.036695820719963
CZE,TOT,A,2020,440098.351,41134.931169,1.128333,NA,12.994753505916453
DNK,TOT,A,2006,202725.721,37286.319861,3.812175,40.49266,12.219609216348546
DNK,TOT,A,2007,212771.394,38969.119721,4.286608,34.59382,12.26797360072182
DNK,TOT,A,2008,226767.494,41282.995471,4.281425,41.93992,12.331680516048802
DNK,TOT,A,2009,222918.17,40361.790678,3.586242,49.26747,12.314560032426737
DNK,TOT,A,2010,238749.494,43041.192361,2.926058,53.44129,12.383170138969003
DNK,TOT,A,2011,247352.237,44407.94207,2.72935,60.11121,12.418568660479927
DNK,TOT,A,2012,250524.599,44808.549212,1.403058,60.61518,12.43131239428659
DNK,TOT,A,2013,262368.12,46742.939663,1.745833,56.73219,12.47750383476865
DNK,TOT,A,2014,270330.607,47905.477079,1.326667,59.14192,12.507400959298437
DNK,TOT,A,2015,278748.365,49058.142344,0.6908333,53.42833,12.538064736268412
DNK,TOT,A,2016,297719.06,51967.020438,0.3208333,55.11341,12.603905569139828
DNK,TOT,A,2017,319130.165,55356.49009,0.4766667,52.54022,12.673354339293343
DNK,TOT,A,2018,332918.429,57459.169626,0.4558333,50.82243,12.715652780997521
DNK,TOT,A,2019,350812.056,60308.072261,-0.185,51.41344,12.768005906050403
DNK,TOT,A,2020,348880.767,59842.327077,-0.36,NA,12.762485500977887
FIN,TOT,A,2006,181207.156,34408.817577,3.7825,43.01116,12.107396164084948
FIN,TOT,A,2007,199873.495,37792.556693,4.293334,38.99194,12.20543992040184
FIN,TOT,A,2008,212980.742,40083.701943,4.29,38.17002,12.268957027458507
FIN,TOT,A,2009,202878.3,38000.018769,3.738333,49.0363,12.220361570858351
FIN,TOT,A,2010,209096.826,38985.871994,3.010833,54.80778,12.25055270596149
FIN,TOT,A,2011,220471.171,40916.647325,3.005833,57.23593,12.303522221557154
FIN,TOT,A,2012,221285.636,40872.854802,1.883333,63.98922,12.307209616567
FIN,TOT,A,2013,225679.983,41492.918416,1.860833,64.522,12.326873270347978
FIN,TOT,A,2014,228058.636,41749.864733,1.448333,71.26928,12.33735805031124
FIN,TOT,A,2015,232867.602,42490.211049,0.7233334,75.23145,12.35822533928333
FIN,TOT,A,2016,246928.493,44934.488245,0.365,75.60892,12.416854071672022
FIN,TOT,A,2017,262026.563,47570.270354,0.5466667,73.04077,12.476201163100255
FIN,TOT,A,2018,274425.751,49749.057567,0.6616667,69.76114,12.52243601518291
FIN,TOT,A,2019,284674.869,51556.59032,0.07,69.63718,12.559102997504818
FIN,TOT,A,2020,277873.146,50247.399815,-0.2191667,NA,12.534919979179461
FRA,TOT,A,2006,2062931.189,32431.435631,3.795742,77.26933,14.53963843667403
FRA,TOT,A,2007,2181667.496,34086.956799,4.3032,75.94181,14.595600048795465
FRA,TOT,A,2008,2259255.844,35102.870428,4.234325,82.50349,14.630546044459983
FRA,TOT,A,2009,2245566.431,34711.655714,3.648817,97.5731,14.624468355129332
FRA,TOT,A,2010,2336459.963,35939.455835,3.117017,100.9953,14.664147505516784
FRA,TOT,A,2011,2446474.544,37447.949543,3.321058,103.8066,14.710158584588717
FRA,TOT,A,2012,2474005.287,37684.198067,2.535992,111.9382,14.721348968957347
FRA,TOT,A,2013,2608523.504,39528.473644,2.20435,112.4676,14.774294911946447
FRA,TOT,A,2014,2662032.873,40144.059485,1.666442,120.1551,14.794600626846671
FRA,TOT,A,2015,2718495.127,40829.893311,0.8418583,120.8252,14.815589023033858
FRA,TOT,A,2016,2864105.631,42855.944562,0.4678833,123.6707,14.867766688714939
FRA,TOT,A,2017,2983010.673,44480.722199,0.8098583,122.9442,14.908443641432154
FRA,TOT,A,2018,3124870.045,46456.107107,0.7841083,121.3599,14.954903254687935
FRA,TOT,A,2019,3320559.672,49225.564402,0.1302,123.9643,15.015643902588964
FRA,TOT,A,2020,3077474.669,45494.488417,-0.1452667,NA,14.939619905975189
DEU,TOT,A,2006,2810242.832,34620.413592,3.764125,68.79233,14.848781454658038
DEU,TOT,A,2007,2981616.28,36813.713454,4.217113,66.18103,14.907976087287901
DEU,TOT,A,2008,3103958.247,38432.448211,3.984804,70.70988,14.948188708841684
DEU,TOT,A,2009,3017520.905,37492.649447,3.222218,77.57876,14.919946159850289
DEU,TOT,A,2010,3187863.278,39707.329953,2.744305,87.40637,14.974861431523408
DEU,TOT,A,2011,3415019.966,42541.513126,2.609223,86.40907,15.043693897529234
DEU,TOT,A,2012,3487234.448,43359.541048,1.49513,88.85776,15.064619558270008
DEU,TOT,A,2013,3628559.337,44993.667838,1.571408,84.32757,15.104346250605065
DEU,TOT,A,2014,3807114.521,47011.280402,1.163512,84.10702,15.15238211660381
DEU,TOT,A,2015,3889081.896,47609.557159,0.4953091,80.0452,15.173683671285922
DEU,TOT,A,2016,4165169.905,50579.483717,0.09157856,77.22083,15.242267626268454
DEU,TOT,A,2017,4376927.671,52952.897774,0.31638,72.78644,15.291857591247828
DEU,TOT,A,2018,4556073.246,54954.68658,0.3964832,69.58807,15.331971680241752
DEU,TOT,A,2019,4644164.145,55891.15984,-0.2536345,68.22754,15.351121966782513
DEU,TOT,A,2020,4474718.971,53809.843557,-0.5111811,NA,15.313954107942568
GRC,TOT,A,2006,314201.08,28510.877946,4.07,115.3764,12.657788442098832
GRC,TOT,A,2007,323551.015,29284.612817,4.5,112.8484,12.687112077553587
GRC,TOT,A,2008,341817.829,30855.935774,4.8025,117.4964,12.742033210386323
GRC,TOT,A,2009,337447.85,30381.482016,5.174167,135.3676,12.729166258836987
GRC,TOT,A,2010,310668.24,27934.317127,9.091666,130.1988,12.646480869364478
GRC,TOT,A,2011,285079.561,25671.291223,15.74917,113.4006,12.560523581696001
GRC,TOT,A,2012,275155.48,24912.130664,22.4975,167.9104,12.525091598698808
GRC,TOT,A,2013,284524.655,25947.870627,10.05417,182.3763,12.558575189602127
GRC,TOT,A,2014,290197.021,26642.231958,6.929167,183.6562,12.578315354045284
GRC,TOT,A,2015,289145.992,26720.908773,9.666364,184.9196,12.57468700217264
GRC,TOT,A,2016,296029.545,27471.218206,8.36,189.4006,12.598214542514281
GRC,TOT,A,2017,308068.164,28644.977147,5.978333,192.7498,12.638076349158204
GRC,TOT,A,2018,318561.979,29680.902369,4.185,199.0986,12.671572331609214
GRC,TOT,A,2019,330966.206,30869.249859,2.585833,200.2388,12.709771552470242
GRC,TOT,A,2020,303970.143,28389.13061,1.271667,NA,12.624684761749277
HUN,TOT,A,2006,184680.779,18337.205217,7.115833,70.9571,12.126384094719025
HUN,TOT,A,2007,191472.991,19041.087901,6.744167,71.97618,12.16250203849139
HUN,TOT,A,2008,207757.652,20696.728568,8.238334,75.83703,12.244127544771034
HUN,TOT,A,2009,207359.074,20689.046702,9.123333,85.10708,12.242207226472496
HUN,TOT,A,2010,217167.008,21716.650836,7.281667,86.23153,12.288421958635174
HUN,TOT,A,2011,229348.032,22999.830605,7.635409,95.2635,12.342995919216756
HUN,TOT,A,2012,230214.451,23206.255116,7.890833,98.6748,12.346766549146688
HUN,TOT,A,2013,242367.239,24498.658689,5.923333,97.39288,12.398209371403091
HUN,TOT,A,2014,253001.466,25642.556756,4.809166,100.8088,12.441150562159272
HUN,TOT,A,2015,263571.392,26777.470459,3.4325,98.90455,12.482079547648054
HUN,TOT,A,2016,273925.72,27911.664733,3.143333,98.76281,12.520612253726833
HUN,TOT,A,2017,288403.654,29465.126306,2.9625,93.12068,12.57211635421558
HUN,TOT,A,2018,311175.568,31831.981048,3.058333,86.56531,12.648112559206952
HUN,TOT,A,2019,331796.894,33956.821868,2.465,83.49159,12.712278295633785
HUN,TOT,A,2020,327775.401,33618.934605,2.225,97.53915,12.700083899767053
ISL,TOT,A,2006,12044.114,39579.737256,8.830566,53.57243,9.396331354850751
ISL,TOT,A,2007,12902.915,41435.17855,9.419559,49.02363,9.465208533814865
ISL,TOT,A,2008,13879.916,43456.216759,11.06824,92.83931,9.538198182169284
ISL,TOT,A,2009,13343.517,41802.999355,8.256277,106.8859,9.49878592790027
ISL,TOT,A,2010,12659.835,39810.803416,6.085834,110.3226,9.44618966243788
ISL,TOT,A,2011,13059.434,40938.664549,5.978333,117.6031,9.477266063453307
ISL,TOT,A,2012,13471.498,42006.543346,6.194167,115.6603,9.508331473317536
ISL,TOT,A,2013,14378.252,44404.731588,5.789166,106.9493,9.573472066167245
ISL,TOT,A,2014,15058.764,45995.001692,6.373333,NA,9.61971542627267
ISL,TOT,A,2015,16276.45,49203.294991,6.259167,NA,9.697474556810159
ISL,TOT,A,2016,17939.411,53486.615773,5.603333,NA,9.794755303412725
ISL,TOT,A,2017,19106.258,55638.491978,4.858333,NA,9.857771204350211
ISL,TOT,A,2018,20536.241,58225.804712,5.330833,NA,9.929946457971013
ISL,TOT,A,2019,21663.292,60075.684325,3.974167,NA,9.98337449423262
ISL,TOT,A,2020,20405.655,55967.237695,2.466667,NA,9.923567347300208
IRL,TOT,A,2006,188776.116,44211.664919,3.765,27.65337,12.148317020453913
IRL,TOT,A,2007,205566.767,46717.776723,4.305833,27.4662,12.233526160393081
IRL,TOT,A,2008,198655.442,44184.55577,4.525833,47.50945,12.199327155783193
IRL,TOT,A,2009,188520.754,41532.216851,5.225,67.66763,12.14696338060531
IRL,TOT,A,2010,197529.445,43320.055178,5.739167,83.52173,12.193642940818307
IRL,TOT,A,2011,205590.143,44903.001303,9.601666,111.5753,12.23363986880686
IRL,TOT,A,2012,212744.231,46274.528754,6.171667,129.4477,12.267845929734241
IRL,TOT,A,2013,221412.808,47924.393776,3.79,131.96190000000001,12.307784147628592
IRL,TOT,A,2014,238264.091,51212.507468,2.3675,121.336,12.381134963524083
IRL,TOT,A,2015,324635.968,69133.717666,1.1825,88.42574,12.690459735071228
IRL,TOT,A,2016,340945.9,71793.28924,0.7358333,84.91689,12.739479092652855
IRL,TOT,A,2017,378128.166,78739.398464,0.8016667,75.73866,12.842988480624753
IRL,TOT,A,2018,413286.508,85027.004221,0.9508333,74.37717,12.931896355398868
IRL,TOT,A,2019,441284.827,89561.463935,0.3333333,68.8168,12.997445812160315
IRL,TOT,A,2020,449139.766,90182.804579,-0.06083333,NA,13.015089401136716
ITA,TOT,A,2006,1884457.559,32252.424492,4.046142,114.6299,14.449150570342596
ITA,TOT,A,2007,1992732.867,33897.278447,4.487258,110.2318,14.505017554586669
ITA,TOT,A,2008,2089717.307,35274.312724,4.681067,112.5272,14.55253935498395
ITA,TOT,A,2009,2046377.425,34347.697478,4.311183,125.5098,14.531581678178236
ITA,TOT,A,2010,2085694.44,34860.578039,4.035708,124.3316,14.55061242250949
ITA,TOT,A,2011,2173169.961,36183.316026,5.422758,117.2033,14.591697471090203
ITA,TOT,A,2012,2172383.108,36002.908697,5.492675,135.375,14.591335329380687
ITA,TOT,A,2013,2187376.607,36067.707344,4.316425,143.1716,14.59821348739433
ITA,TOT,A,2014,2200256.409,36194.916674,2.8932,155.6326,14.604084461082628
ITA,TOT,A,2015,2240922.483,36899.396401,1.71395,156.8527,14.622398161823359
ITA,TOT,A,2016,2420672.141,39926.966169,1.486433,154.5501,14.69955580378396
ITA,TOT,A,2017,2517184.468,41581.131252,2.112925,151.9975,14.738651560267874
ITA,TOT,A,2018,2605604.586,43097.264517,2.6104,146.7885,14.773175292997877
ITA,TOT,A,2019,2678904.139,44397.556124,1.913225,154.5051,14.800918365505055
ITA,TOT,A,2020,2468700.397,41108.214758,1.1681,NA,14.719202415075285
JPN,TOT,A,2006,4230713.959,33094.337825,1.7405,175.968,15.257881321413507
JPN,TOT,A,2007,4416227.644,34507.170217,1.6655,177.4856,15.300796415429263
JPN,TOT,A,2008,4456434.365,34803.657814,1.467333,181.3452,15.30985953451895
JPN,TOT,A,2009,4250983.216,33201.987096,1.33375,202.528,15.262660859085662
JPN,TOT,A,2010,4480784.403,34994.372225,1.148333,207.2712,15.315308679020069
JPN,TOT,A,2011,4573186.792,35775.256332,1.102417,222.043,15.335720848514931
JPN,TOT,A,2012,4746699.388,37213.837398,0.8355833,230.1373,15.37296006879556
JPN,TOT,A,2013,4967051.575,39008.36056,0.6896667,232.9834,15.418336977566886
JPN,TOT,A,2014,4986566.209,39183.465681,0.5203333,238.1798,15.422258096385567
JPN,TOT,A,2015,5135040.993,40398.402903,0.35,237.0939,15.45159838437038
JPN,TOT,A,2016,5075243.84,39983.643655,-0.06625,235.7609,15.439885129028532
JPN,TOT,A,2017,5193982.177,40992.39323,0.05166667,234.0426,15.463011239739567
JPN,TOT,A,2018,5275711.568,41724.030341,0.065,238.7264,15.478624122636555
JPN,TOT,A,2019,5346540.495,42385.765777,-0.1104167,NA,15.491960273264072
KOR,TOT,A,2006,1301782.512,26875.232505,5.151667,NA,14.079245046323017
KOR,TOT,A,2007,1414277.971,29050.159627,5.350833,NA,14.162129690984012
KOR,TOT,A,2008,1468996.086,29945.899216,5.568333,NA,14.200089790754916
KOR,TOT,A,2009,1456054.669,29529.785604,5.165833,NA,14.191241054423992
KOR,TOT,A,2010,1573257.913,31748.35357,4.773334,NA,14.268659131092088
KOR,TOT,A,2011,1625275.456,32546.517725,4.2025,NA,14.301187870765158
KOR,TOT,A,2012,1684562.928,33557.030447,3.4475,NA,14.337016698210238
KOR,TOT,A,2013,1726902.753,34244.239492,3.278083,NA,14.361840045757605
KOR,TOT,A,2014,1792600.237,35324.260296,3.186333,NA,14.399177770115587
KOR,TOT,A,2015,1933588.947,37902.361018,2.30575,NA,14.47488839207456
KOR,TOT,A,2016,2026967.822,39575.302078,1.747417,NA,14.522051550616471
KOR,TOT,A,2017,2103651.26,40957.347064,2.282583,NA,14.55918508815096
KOR,TOT,A,2018,2192613.181,42486.739807,2.50275,NA,14.600604623788927
KOR,TOT,A,2019,2209423.793,42728.031736,1.70225,NA,14.608242312349383
LUX,TOT,A,2006,36831.649,77880.528105,3.303333,17.80694,10.514112781719467
LUX,TOT,A,2007,40300.663,83837.451183,NA,17.36002,10.604123199412351
LUX,TOT,A,2008,42362.964,86591.985457,NA,25.80629,10.654029768938827
LUX,TOT,A,2009,40978.43,82249.998512,NA,23.90317,10.62080110968759
LUX,TOT,A,2010,43438.662,85587.014645,2.950091,29.0025,10.67910515302848
LUX,TOT,A,2011,47690.506,91814.036613,2.921892,27.823,10.772487621426798
LUX,TOT,A,2012,48646.452,91526.720705,1.834661,29.70999,10.792334155869392
LUX,TOT,A,2013,51940.087,95246.113893,1.849622,30.22084,10.857846160224963
LUX,TOT,A,2014,56353.755,100933.604548,1.336248,30.55047,10.939404154337389
LUX,TOT,A,2015,59081.017,103760.127974,0.36428,30.47134,10.986664950444348
LUX,TOT,A,2016,64406.168,110260.934439,-0.177239,27.86612,11.072964683903693
LUX,TOT,A,2017,66973.383,112187.731906,0.5027078,29.65228,11.11205055078429
LUX,TOT,A,2018,70914.212,116480.803842,0.5640635,28.83572,11.169226143772448
LUX,TOT,A,2019,74996.716,120670.500099,-0.1200168,29.95823,11.225199604893117
LUX,TOT,A,2020,74224.746,117613.939943,-0.4101667,NA,11.214852877598487
MEX,TOT,A,2006,1485209.624,13720.688285,8.388333,30.74275,14.21106648119943
MEX,TOT,A,2007,1560053.895,14233.029479,7.793334,32.43561,14.260230926705871
MEX,TOT,A,2008,1653898.19,14885.902438,8.3125,34.31808,14.318645598862313
MEX,TOT,A,2009,1637276.794,14532.386514,7.96375,30.56396,14.308544928192994
MEX,TOT,A,2010,1741129.429,15257.673655,6.9,31.1473,14.370044557744725
MEX,TOT,A,2011,1911319.096,16546.641414,6.667778,37.14133,14.463304187828308
MEX,TOT,A,2012,2012767.781,17220.06914,5.598333,41.13026,14.515021338305296
MEX,TOT,A,2013,2064490.947,17461.798268,5.6775,47.10764,14.540394239217534
MEX,TOT,A,2014,2173227.412,18178.397421,6.014167,50.40139,14.591723907237233
MEX,TOT,A,2015,2230188.94,18454.801482,5.928333,54.74356,14.617596866304616
MEX,TOT,A,2016,2383253.082,19516.145022,6.19375,52.84832,14.683976953547058
MEX,TOT,A,2017,2460766.096,19947.197691,7.248333,53.22276,14.71598328056526
MEX,TOT,A,2018,2556350.973,20518.580821,7.93,55.7872,14.754091398433225
MEX,TOT,A,2019,2608649.816,20739.308737,7.668334,59.29549,14.774343333569528
NLD,TOT,A,2006,669518.848,40959.18563,3.78075,53.08889,13.414314596069596
NLD,TOT,A,2007,718924.413,43885.020938,4.288167,50.50019,13.485511503221359
NLD,TOT,A,2008,763407.575,46419.042594,4.22675,62.82158,13.54554734195821
NLD,TOT,A,2009,737085.619,44590.781562,3.686833,65.32532,13.510459336744209
NLD,TOT,A,2010,748993.689,45079.367407,2.990083,69.51268,13.526485836562657
NLD,TOT,A,2011,777880.907,46599.227659,2.98875,73.72866,13.564328715607752
NLD,TOT,A,2012,792041.828,47271.968226,1.9335,79.47871,13.582369482533311
NLD,TOT,A,2013,827475.788,49242.786711,1.958917,78.93584,13.626135126590794
NLD,TOT,A,2014,830318.43,49233.230349,1.454667,83.33254,13.629564556800116
NLD,TOT,A,2015,851884.697,50288.352815,0.6903333,79.6172,13.655206464493606
NLD,TOT,A,2016,890488.555,52289.404292,0.2910833,77.63338,13.69952552929911
NLD,TOT,A,2017,943739.619,55089.58143,0.5220833,70.86796,13.757605579749775
NLD,TOT,A,2018,997729.784,57899.824961,0.5766667,66.02966,13.813237761117136
NLD,TOT,A,2019,1031484.13,59468.672811,-0.07,62.45762,13.846509226013962
NLD,TOT,A,2020,1004759.711,57609.065456,-0.3766667,NA,13.820258977355559
NZL,TOT,A,2006,116100.638,27664.745638,5.780833,NA,11.66221266293359
NZL,TOT,A,2007,123992.448,29275.954051,6.265,NA,11.72797593950669
NZL,TOT,A,2008,127057.687,29748.931565,6.080833,NA,11.752396490656718
NZL,TOT,A,2009,132091.564,30591.621801,5.456666,NA,11.791250627759652
NZL,TOT,A,2010,135912.366,31152.554881,5.603333,NA,11.819765589377072
NZL,TOT,A,2011,143362.869,32638.103325,4.945,NA,11.873134240564312
NZL,TOT,A,2012,145417.047,32916.91304,3.685,NA,11.887361079300023
NZL,TOT,A,2013,160992.629,36111.576126,4.093333,NA,11.989113860309848
NZL,TOT,A,2014,168435.427,37206.031789,4.304167,NA,12.034307732774097
NZL,TOT,A,2015,172758.809,37464.231077,3.423333,NA,12.05965173309394
NZL,TOT,A,2016,188355.645,40049.253774,2.761667,NA,12.146087183470115
NZL,TOT,A,2017,203544.585,42523.834338,2.990833,NA,12.22364035077697
NZL,TOT,A,2018,215287.748,44275.115253,2.754167,NA,12.279730775091314
NZL,TOT,A,2019,223650.279,45300.846487,1.649167,NA,12.317838856345126
NOR,TOT,A,2006,252086.882,54084.291298,4.076667,58.26883,12.437529076915366
NOR,TOT,A,2007,263065.787,55864.469542,4.774167,56.08408,12.480159420564348
NOR,TOT,A,2008,294277.831,61719.343656,4.458333,54.77628,12.592279603487572
NOR,TOT,A,2009,267535.443,55401.83115,3.998333,48.8372,12.497007333737482
NOR,TOT,A,2010,283400.011,57966.866732,3.528333,49.23193,12.554614645053112
NOR,TOT,A,2011,307471.57,62077.845797,3.135,34.72052,12.636137906669903
NOR,TOT,A,2012,327987.716,65349.216157,2.101667,35.8749,12.700731435445455
NOR,TOT,A,2013,340137.933,66956.285962,2.5775,36.46191,12.737106499618433
NOR,TOT,A,2014,338506.045,65895.667611,2.515,34.71998,12.732297229372943
NOR,TOT,A,2015,313230.601,60352.716908,1.565,40.22136,12.6546949426683
NOR,TOT,A,2016,308522.085,58923.240139,1.331667,44.2576,12.639548708095889
NOR,TOT,A,2017,337993.785,64050.366694,1.6375,44.66471,12.730782786722138
NOR,TOT,A,2018,370296.235,69709.381608,1.879167,45.34084,12.822058599418204
NOR,TOT,A,2019,365502.326,68343.740792,1.494167,46.68689,12.80902792203681
NOR,TOT,A,2020,366402.006,68117.123175,0.8175,53.63881,12.811486386657954
POL,TOT,A,2006,577156.392,15135.749292,5.231667,54.96175,13.265868552092186
POL,TOT,A,2007,639756.006,16784.447639,5.484334,51.55544,13.368842142020172
POL,TOT,A,2008,697829.214,18308.038986,6.071667,53.87738,13.455729672722605
POL,TOT,A,2009,734574.626,19088.289016,6.120598,57.18409,13.507046870524205
POL,TOT,A,2010,802270.074,20828.986526,5.781667,61.68219,13.595200580784327
POL,TOT,A,2011,868896.689,22553.514215,5.955583,62.17559,13.674979512254955
POL,TOT,A,2012,903836.561,23455.560312,4.999283,65.55442,13.71440382767488
POL,TOT,A,2013,934552.984,24272.842559,4.033292,66.44769,13.747823601969806
POL,TOT,A,2014,968368.101,25162.875509,3.516211,71.43756,13.783367563602642
POL,TOT,A,2015,1020392.781,26534.723216,2.700557,70.20952,13.83569819054817
POL,TOT,A,2016,1075392.661,27985.340009,3.035689,73.00764,13.88819641889701
POL,TOT,A,2017,1141694.015,29714.590984,3.42,68.7151,13.948023695467969
POL,TOT,A,2018,1214376.603,31613.688164,3.198333,66.75915,14.009741419133556
POL,TOT,A,2019,1296588.742,33777.646597,2.3475,63.43235,14.075247328976715
POL,TOT,A,2020,1279340.775,33356.123878,1.499167,NA,14.061855483696437
PRT,TOT,A,2006,259371.294,24649.676772,3.914667,82.98192,12.466015881672252
PRT,TOT,A,2007,270973.95,25701.787963,4.424141,80.51186,12.509777969780234
PRT,TOT,A,2008,281542.549,26665.771577,4.519855,84.4994,12.548038866116634
PRT,TOT,A,2009,279829.997,26478.491799,4.210149,97.63227,12.541937544187588
PRT,TOT,A,2010,288463.417,27282.766346,5.396408,105.6683,12.572323552730518
PRT,TOT,A,2011,282620.91,26769.42769,10.23912,109.8804,12.551861738002758
PRT,TOT,A,2012,277991.759,26438.140472,10.54652,137.316,12.535346748348493
PRT,TOT,A,2013,292135.199,27936.006299,6.293129,141.066,12.58497198436821
PRT,TOT,A,2014,298951.673,28742.313125,3.75395,150.745,12.608037210546946
PRT,TOT,A,2015,307230.008,29660.845901,2.423333,148.4184,12.635351957776717
PRT,TOT,A,2016,326364.379,31607.610185,3.171667,144.3118,12.695769763150967
PRT,TOT,A,2017,340370.325,33044.70015,3.0525,143.1314,12.73778949503047
PRT,TOT,A,2018,359232.261,34931.85988,1.839167,137.2647,12.79172442485158
PRT,TOT,A,2019,379273.761,36871.738281,0.7575,135.9755,12.84601354785201
PRT,TOT,A,2020,352601.07,34199.578099,0.4166667,155.1111,12.773092583541416
SVK,TOT,A,2006,101490.226,18826.142072,4.411667,37.59237,11.527717777260762
SVK,TOT,A,2007,113923.832,21110.422832,4.490833,36.06627,11.64328536372052
SVK,TOT,A,2008,127626.827,23608.977522,4.723333,34.8899,11.756865870741583
SVK,TOT,A,2009,124412.901,22963.908847,4.706666,44.03915,11.731361159697924
SVK,TOT,A,2010,135914.51,25030.420998,3.871667,48.75501,11.81978136412335
SVK,TOT,A,2011,140804.819,26084.105497,4.415,51.44206,11.85512994797266
SVK,TOT,A,2012,145826.897,26973.791217,4.5525,60.77532,11.890175560280582
SVK,TOT,A,2013,151588.593,28004.527785,3.1875,65.17045,11.928925505296107
SVK,TOT,A,2014,157123.984,28997.375683,2.070833,67.82887,11.964790479682303
SVK,TOT,A,2015,162278.154,29927.681435,0.885,66.49396,11.99706714185514
SVK,TOT,A,2016,161074.014,29659.331169,0.5433334,67.74002,11.989619252616075
SVK,TOT,A,2017,163684.591,30097.992379,0.9166667,65.5633,12.005696629423573
SVK,TOT,A,2018,171886.539,31561.916967,0.8858333,63.46797,12.054589881149452
SVK,TOT,A,2019,177504.849,32550.322192,0.2475,63.35809,12.086753205834329
SVK,TOT,A,2020,170854.703,31288.651882,-0.0375,NA,12.048568784235105
ESP,TOT,A,2006,1362071.029,30704.576922,3.78431,46.09558,14.124516914845755
ESP,TOT,A,2007,1466711.066,32423.53222,4.306627,42.35281,14.198533082034912
ESP,TOT,A,2008,1528583.756,33242.245427,4.363732,47.68485,14.2398522150172
ESP,TOT,A,2009,1488992.726,32112.818687,3.974298,62.65619,14.21361042649639
ESP,TOT,A,2010,1476808.758,31716.709735,4.250001,67.3768,14.205394073103173
ESP,TOT,A,2011,1489594.952,31872.363088,5.436894,78.33935,14.214014796669982
ESP,TOT,A,2012,1483646.902,31724.631513,5.846537,93.4564,14.210013737740363
ESP,TOT,A,2013,1512074.431,32452.659676,4.561962,106.5573,14.228993061361866
ESP,TOT,A,2014,1558306.999,33544.352014,2.721831,119.4734,14.25911053285659
ESP,TOT,A,2015,1621069.826,34929.20969,1.735087,117.0753,14.29859687566916
ESP,TOT,A,2016,1733213.64,37313.634913,1.393302,117.3305,14.365487838653065
ESP,TOT,A,2017,1841779.72,39580.188366,1.557866,115.7774,14.42624290124125
ESP,TOT,A,2018,1905614.461,40780.287322,1.419352,114.5046,14.460315066240357
ESP,TOT,A,2019,1988354.742,42211.809525,0.6610183,117.3338,14.502818091929738
ESP,TOT,A,2020,1796199.44,37933.262916,0.3794776,NA,14.401183568449648
SWE,TOT,A,2006,342150.661,37679.716019,3.704167,59.33917,12.74300644827999
SWE,TOT,A,2007,373749.881,40855.465147,4.1675,53.72195,12.831342085292334
SWE,TOT,A,2008,388684.19,42158.465614,3.8875,52.64076,12.870522441971426
SWE,TOT,A,2009,374814.888,40309.177594,3.25,55.97362,12.834187551076162
SWE,TOT,A,2010,396283.62,42256.280065,2.893333,53.35091,12.889885446000326
SWE,TOT,A,2011,421515.998,44608.643898,2.605,53.82554,12.951613010626671
SWE,TOT,A,2012,432488.303,45432.306926,1.5925,55.14404,12.97731055990164
SWE,TOT,A,2013,444616.544,46312.293685,2.120833,57.99327,13.00496749079608
SWE,TOT,A,2014,457507.758,47184.719403,1.72,64.19485,13.033549120930987
SWE,TOT,A,2015,481170.723,49103.0618,0.7191667,62.32385,13.083977419585848
SWE,TOT,A,2016,500423.665,50430.174559,0.5191666,61.91907,13.123210348622921
SWE,TOT,A,2017,522476.825,51947.942867,0.655,60.04974,13.166335907770447
SWE,TOT,A,2018,544916.384,53553.312077,0.6516666,59.1263,13.208387638021527
SWE,TOT,A,2019,566045.637,55068.767404,0.04666667,55.44579,13.246429984676887
SWE,TOT,A,2020,556181.706,53719.497913,-0.03833333,NA,13.228850329194692
CHE,TOT,A,2006,347559.421,46129.811162,2.517083,49.22662,12.758690925052342
CHE,TOT,A,2007,386208.981,50804.677376,2.92675,45.67905,12.864133903496427
CHE,TOT,A,2008,413714.827,53784.37338,2.896833,45.57206,12.932932191787929
CHE,TOT,A,2009,413468.607,53150.627259,2.202667,44.01712,12.932336870370328
CHE,TOT,A,2010,429590.099,54809.791037,1.631667,42.63074,12.970586774890721
CHE,TOT,A,2011,458820.075,57987.486864,1.471667,42.85775,13.036413418729108
CHE,TOT,A,2012,479280.805,59933.617056,0.6466666,43.37218,13.080041936359134
CHE,TOT,A,2013,503360.433,62225.11235,0.9491667,42.59903,13.129061759071007
CHE,TOT,A,2014,524917.015,64103.009758,0.6925,42.46764,13.170995462413241
CHE,TOT,A,2015,546805.519,66020.20952,-0.06916667,42.37722,13.211848477050928
CHE,TOT,A,2016,570267.342,68105.138178,-0.362,41.18677,13.25386055090737
CHE,TOT,A,2017,584052.298,69103.567686,-0.07208333,41.89757,13.277745809170742
CHE,TOT,A,2018,610525.001,71705.600337,0.03316667,39.73784,13.32207452337335
CHE,TOT,A,2019,626977.254,73114.493516,-0.489,40.99786,13.348665541445051
CHE,TOT,A,2020,613920.341,NA,-0.5238333,NA,13.327620460927589
TUR,TOT,A,2006,944033.702,13623.402879,NA,NA,13.75791714576155
TUR,TOT,A,2007,1041497.943,14845.034672,NA,NA,13.856170564645208
TUR,TOT,A,2008,1139548.435,16038.231645,NA,NA,13.946142632249405
TUR,TOT,A,2009,1113289.469,15453.982835,NA,NA,13.922829676406812
TUR,TOT,A,2010,1269742.72,17359.967189,NA,48.90123,14.054324855234967
TUR,TOT,A,2011,1454111.872,19590.858369,NA,43.60278,14.189905874968625
TUR,TOT,A,2012,1550688.484,20627.440729,NA,40.94091,14.25420957350107
TUR,TOT,A,2013,1703669.602,22373.136543,NA,34.28374,14.348295072031322
TUR,TOT,A,2014,1860470.92,24104.984583,NA,33.23423,14.436340196439728
TUR,TOT,A,2015,2022397.778,25855.912681,NA,32.59971,14.519794384239452
TUR,TOT,A,2016,2116398.303,26695.909373,NA,34.35389,14.56522628817849
TUR,TOT,A,2017,2264269.34,28193.061398,NA,34.86066,14.632762677660361
TUR,TOT,A,2018,2300825.727,28263.241827,NA,32.36224,14.648778628209215
TUR,TOT,A,2019,2279166.318,27599.829476,NA,34.81565,14.639320284064363
TUR,TOT,A,2020,2388848.859,NA,NA,NA,14.686322158923602
GBR,TOT,A,2006,2108799.349,34668.80413,4.501675,51.33741,14.561629314583904
GBR,TOT,A,2007,2177276.634,35507.373473,5.011275,53.05963,14.593585403342722
GBR,TOT,A,2008,2264898.174,36634.610738,4.590725,65.69854,14.633040359597317
GBR,TOT,A,2009,2182383.458,35052.174843,3.647517,78.7708,14.595928166873815
GBR,TOT,A,2010,2288742.51,36468.172567,3.624425,89.43959,14.64351310243683
GBR,TOT,A,2011,2351301.204,37154.162977,3.135992,103.3041,14.670479436712727
GBR,TOT,A,2012,2439691.339,38296.701025,1.918042,107.4202,14.707382088857697
GBR,TOT,A,2013,2560720.871,39945.104528,2.389783,103.3236,14.755799367051031
GBR,TOT,A,2014,2667371.06,41292.491286,2.569083,113.1906,14.796603923595192
GBR,TOT,A,2015,2771840.354,42571.653412,1.901033,112.6328,14.835022045281335
GBR,TOT,A,2016,2896753.121,44125.534988,1.305208,119.7748,14.879101054273072
GBR,TOT,A,2017,3021843.667,45757.778123,1.235808,117.066,14.921377688842016
GBR,TOT,A,2018,3133332.404,47163.170633,1.460658,113.8455,14.957607661976335
GBR,TOT,A,2019,3242466.168,48542.092734,0.935825,117.1544,14.991844761193862
GBR,TOT,A,2020,2950090.777,43902.773625,0.3744417,144.072,14.897346499706964
USA,TOT,A,2006,13814609,46230.846201,4.791667,85.94531,16.441237213369458
USA,TOT,A,2007,14451860,47902.060352,4.629167,86.38128,16.486333683962226
USA,TOT,A,2008,14712845,48311.223702,3.666667,102.4108,16.504231479723483
USA,TOT,A,2009,14448932,47028.160396,3.256667,115.6828,16.486131059756634
USA,TOT,A,2010,14992052,48396.74085,3.214167,125.8112,16.523030751970868
USA,TOT,A,2011,15542582,49814.371334,2.785833,130.9701,16.559094040968233
USA,TOT,A,2012,16197007,51548.021718,1.8025,132.7032,16.60033703004724
USA,TOT,A,2013,16784851,53056.676476,2.350833,136.2517,16.635987311383385
USA,TOT,A,2014,17527258,55008.012403,2.540833,135.5997,16.67926782709303
USA,TOT,A,2015,18238301,56831.654815,2.135833,136.4418,16.71903439134219
USA,TOT,A,2016,18745075,58000.888034,1.841667,138.1221,16.746441609211097
USA,TOT,A,2017,19542980,60091.568784,2.33,134.6811,16.78812670062736
USA,TOT,A,2018,20611861,63043.046469,2.91,136.1907,16.841377244763034
USA,TOT,A,2019,21433226,65240.379025,2.144167,135.0383,16.880452892751148
CHL,TOT,A,2006,257648.251,15685.218973,6.16,13.1504,12.459350565454658
CHL,TOT,A,2007,280051.852,16872.268785,6.0875,11.26122,12.542730050720914
CHL,TOT,A,2008,275716.447,16447.33384,7.10119,12.42721,12.527128250655135
CHL,TOT,A,2009,272874.1,16119.89398,5.665295,13.30756,12.516765795633338
CHL,TOT,A,2010,309886.434,18129.087986,6.252874,15.27334,12.643961167406244
CHL,TOT,A,2011,350575.242,20302.78871,5.969645,17.8711,12.767330632889129
CHL,TOT,A,2012,374241.572,21446.537619,5.42557,18.38164,12.832656782322223
CHL,TOT,A,2013,394291.936,22352.530726,5.308737,19.0293,12.884846868223667
CHL,TOT,A,2014,404667.282,22687.933017,4.736615,22.42669,12.910820482525395
CHL,TOT,A,2015,407878.248,22603.768381,4.480221,24.42269,12.918723997087943
CHL,TOT,A,2016,426776.809,23349.677001,4.405277,28.26056,12.964016460007471
CHL,TOT,A,2017,451984.54,24402.005375,4.244958,29.10641,13.021403254689591
CHL,TOT,A,2018,463368.859,24686.142367,4.497857,32.07378,13.046278687600175
CHL,TOT,A,2019,492274.022,25856.985466,3.577887,37.63443,13.106790795716968
CHL,TOT,A,2020,476386.27,NA,2.798563,NA,13.07398429572891
CHN,TOT,A,2006,7651865.385,5821.210961,NA,NA,15.850460017254761
CHN,TOT,A,2007,8975591.932,6793.052193,NA,NA,16.010019443589968
CHN,TOT,A,2008,10033233.895,7555.032225,NA,NA,16.12141353020454
CHN,TOT,A,2009,11059906.363,8287.678054,NA,NA,16.218837087747758
CHN,TOT,A,2010,12378809.289,9231.648126,NA,NA,16.331496640385094
CHN,TOT,A,2011,13844365.747,10275.255685,NA,NA,16.443388902559153
CHN,TOT,A,2012,15124539.502,11169.935527,NA,NA,16.531829115268927
CHN,TOT,A,2013,16185062.522,11894.484186,NA,NA,16.59959930829455
CHN,TOT,A,2014,17121277.096,12517.200433,NA,NA,16.655832522624646
CHN,TOT,A,2015,17796747.039,12946.666743,NA,NA,16.694526247943408
CHN,TOT,A,2016,18712097.153,13532.915183,NA,NA,16.744680779248494
CHN,TOT,A,2017,19887035.113,14306.396116,NA,NA,16.805578575515867
CHN,TOT,A,2018,21746510.71,NA,NA,NA,16.89496387550272
CHN,TOT,A,2019,23523357.394,NA,NA,NA,16.97350441715095
COL,TOT,A,2006,386455.856,9160.70697,9.176215,NA,12.864772925738876
COL,TOT,A,2007,423576.909,9922.22572,10.0247,NA,12.956490379892147
COL,TOT,A,2008,445994.474,10324.87588,11.90042,NA,13.008061840790914
COL,TOT,A,2009,454515.97,10399.468562,9.560506,NA,13.026988329496113
COL,TOT,A,2010,480479.224,10866.058552,8.476134,NA,13.082539268164238
COL,TOT,A,2011,524596.546,11726.775903,8.103227,NA,13.170384762329187
COL,TOT,A,2012,548251.361,12115.059684,6.820576,NA,13.214489148721194
COL,TOT,A,2013,585888.316,12799.508325,6.497984,NA,13.280884463364417
COL,TOT,A,2014,618792.732,13365.993539,7.056633,NA,13.33552565229856
COL,TOT,A,2015,624119.465,13330.562044,7.871916,68.5365,13.344097079347804
COL,TOT,A,2016,665398.39,14054.69606,7.9225,73.09144,13.408141222966352
COL,TOT,A,2017,693117.075,14479.812544,6.816667,75.18874,13.448954203297328
COL,TOT,A,2018,738255.957,15256.201618,7.009167,88.96687,13.512045868655903
COL,TOT,A,2019,786356.837,16077.321381,6.4975,82.77155,13.575165959482714
EST,TOT,A,2006,26003.489,19251.861485,NA,8.114731,10.16598600030833
EST,TOT,A,2007,29715.859,22128.125303,NA,7.195673,10.299436155341878
EST,TOT,A,2008,30525.864,22807.728472,NA,8.461208,10.326329603246641
EST,TOT,A,2009,27502.871,20590.604838,NA,12.67959,10.222045678205362
EST,TOT,A,2010,29046.155,21785.161132,NA,11.81518,10.27664139551652
EST,TOT,A,2011,32895.25,24738.851132,NA,9.39082,10.40108354943042
EST,TOT,A,2012,34642.164,26141.083529,NA,13.01775,10.452826831856772
EST,TOT,A,2013,36432.845,27596.458609,NA,13.50206,10.503225981930024
EST,TOT,A,2014,38300.163,29107.89112,NA,13.7235,10.553209431034356
EST,TOT,A,2015,38658.851,29436.42026,NA,12.63388,10.562531031679166
EST,TOT,A,2016,41548.815,31574.446846,NA,13.58139,10.6346242800213
EST,TOT,A,2017,44601.599,33902.097344,NA,13.08883,10.705524989383424
EST,TOT,A,2018,48023.215,36406.04542,NA,12.93989,10.779439818804413
EST,TOT,A,2019,51509.344,38880.845059,NA,13.3884,10.84951850708735
EST,TOT,A,2020,50979.442,38359.249172,NA,NA,10.839177732401392
IND,TOT,A,2006,3692995.072,3267.10439,NA,NA,15.121948359417347
IND,TOT,A,2007,4117624.683,3591.547682,NA,NA,15.23078702181408
IND,TOT,A,2008,4339909.661,3732.94869,NA,NA,15.283364090422156
IND,TOT,A,2009,4700537.017,3987.849459,NA,NA,15.363187319089402
IND,TOT,A,2010,5170042.756,4295.763887,NA,NA,15.458391516469758
IND,TOT,A,2011,5618380.736,4605.230111,NA,NA,15.54155405508691
IND,TOT,A,2012,6153155.414,4982.312076,8.259556,NA,15.632475583651653
IND,TOT,A,2013,6477517.562,5177.871752,8.109959,NA,15.683847902645912
IND,TOT,A,2014,6781021.981,5352.029977,8.586291,NA,15.729638383218017
IND,TOT,A,2015,7155724.182,5577.337632,7.776181,NA,15.783423179268146
IND,TOT,A,2016,7665672.881,5901.21084,7.205917,NA,15.852262852605978
IND,TOT,A,2017,8123456.655,NA,6.92425,NA,15.910266317983414
IDN,TOT,A,2006,1683312.047,7495.84456,NA,NA,14.336273867156946
IDN,TOT,A,2007,1838206.148,8063.035321,NA,NA,14.42430073447677
IDN,TOT,A,2008,1986656.18,8583.717617,NA,NA,14.501963471836001
IDN,TOT,A,2009,2052493.739,8735.401828,NA,NA,14.534566069877759
IDN,TOT,A,2010,2056981.02,8623.978571,NA,NA,14.53674994156287
IDN,TOT,A,2011,2229511.719,9213.212405,NA,NA,14.617293159371355
IDN,TOT,A,2012,2413435.226,9833.689555,NA,NA,14.696561695520751
IDN,TOT,A,2013,2535041.373,10188.331849,NA,NA,14.7457205155843
IDN,TOT,A,2014,2622251.601,10398.959732,NA,NA,14.779543896368043
IDN,TOT,A,2015,2647706.549,10364.397282,NA,NA,14.789204370034012
IDN,TOT,A,2016,2744896.64,10610.141435,NA,NA,14.82525397830063
IDN,TOT,A,2017,2894125.53,11050.882373,NA,NA,14.8781935611831
IDN,TOT,A,2018,3117888.945,NA,NA,NA,14.952666710582607
IDN,TOT,A,2019,3338143.992,NA,NA,NA,15.020925519481445
ISR,TOT,A,2006,181326.484,25580.825491,6.314167,85.0501,12.108054464397764
ISR,TOT,A,2007,197446.979,27352.814955,5.554167,79.92105,12.19322536652178
ISR,TOT,A,2008,200719.741,27304.814799,5.923333,80.42964,12.20966489068475
ISR,TOT,A,2009,205786.471,27504.022421,5.063334,83.83496,12.234594361640065
ISR,TOT,A,2010,219755.294,28836.15537,4.684166,79.92604,12.300269906269754
ISR,TOT,A,2011,236754.913,30497.568631,4.98,78.39754,12.374780762680949
ISR,TOT,A,2012,250707.948,31706.1862,4.399167,79.02569,12.4320439868748
ISR,TOT,A,2013,275250.515,34167.038321,3.795833,76.53876,12.525436925609515
ISR,TOT,A,2014,281527.436,34282.236043,2.885833,77.47432,12.547985185400536
ISR,TOT,A,2015,297285.641,35487.894439,2.07,76.84403,12.60244870980433
ISR,TOT,A,2016,322994.484,37806.427116,1.879167,76.00293,12.685390524659592
ISR,TOT,A,2017,338372.035,38849.910298,1.909167,73.1968,12.731901264410535
ISR,TOT,A,2018,358359.666,40351.274189,1.994167,71.70158,12.789292414687417
ISR,TOT,A,2019,379793.445,41964.735422,1.468333,NA,12.847382818127654
ISR,TOT,A,2020,375388.66,NA,0.7775,NA,12.835717194899912
RUS,TOT,A,2006,2291243.855,16017.124233,6.976666,NA,14.644605396190284
RUS,TOT,A,2007,2553606.502,17881.758587,6.7175,NA,14.753017232443659
RUS,TOT,A,2008,3091455.591,21657.589062,7.523334,NA,14.944152603006163
RUS,TOT,A,2009,2973733.08,20826.597968,9.874166,NA,14.905328650797493
RUS,TOT,A,2010,3143873.887,22008.299275,7.831666,NA,14.960966319449362
RUS,TOT,A,2011,3259319.17,22798.673917,8.060833,NA,14.997028887973755
RUS,TOT,A,2012,3480301.72,24303.491049,8.154166,NA,15.062629549141755
RUS,TOT,A,2013,3741783.371,26073.873547,7.330833,NA,15.135072892905775
RUS,TOT,A,2014,3763536.922,25761.66151,8.464167,NA,15.140869743957293
RUS,TOT,A,2015,3526234.314,24085.312853,10.88667,NA,15.0757410929368
RUS,TOT,A,2016,3538975.3,24128.081806,10.43833,NA,15.07934777993054
RUS,TOT,A,2017,3807099.411,25926.431403,8.9925,NA,15.15237814771086
RUS,TOT,A,2018,4242503.062,28893.861781,NA,NA,15.260663997834513
RUS,TOT,A,2019,4315441.136,29403.808518,NA,NA,15.277710110414423
SVN,TOT,A,2006,51548.468,25673.49132,3.853333,33.06923,10.850277770283807
SVN,TOT,A,2007,55572.363,27526.53765,4.529167,30.34488,10.925441288313927
SVN,TOT,A,2008,59839.586,29594.665839,4.606667,29.8953,10.999422694175228
SVN,TOT,A,2009,56209.216,27531.134559,4.375,43.78715,10.936836008202711
SVN,TOT,A,2010,57049.221,27844.90244,3.8325,47.86614,10.951669700508127
SVN,TOT,A,2011,59391.555,28931.423641,4.970833,51.32956,10.991907323526208
SVN,TOT,A,2012,59745.667,29048.325999,5.808333,61.51445,10.997851948335688
SVN,TOT,A,2013,61744.434,29979.618841,5.811666,78.50644,11.03075911277576
SVN,TOT,A,2014,63653.392,30872.72888,3.27,99.25522,11.061207894003163
SVN,TOT,A,2015,65265.909,31631.838376,1.706667,102.3766,11.086225111558582
SVN,TOT,A,2016,70079.359,33942.76789,1.149167,97.20789,11.157383578878944
SVN,TOT,A,2017,75434.833,36515.702826,0.96,88.92531,11.231024423445252
SVN,TOT,A,2018,80706.96,38952.0625,0.9308333,82.9892,11.298580095892284
SVN,TOT,A,2019,86028.575,41181.425696,0.275,80.90915,11.362434787488903
SVN,TOT,A,2020,81448.053,38727.415299,0.07916667,NA,11.307720709508754
ZAF,TOT,A,2006,510032.429,10580.512387,7.9375,NA,13.142229588953496
ZAF,TOT,A,2007,551807.921,11300.497099,7.985,NA,13.220955295501003
ZAF,TOT,A,2008,580492.268,11732.029766,9.1,NA,13.271631760479266
ZAF,TOT,A,2009,575921.095,11483.44306,8.703333,NA,13.263725942447113
ZAF,TOT,A,2010,600342.463,11806.055909,8.615,NA,13.305255543036758
ZAF,TOT,A,2011,633011.149,12227.241685,8.52,NA,13.358243313925394
ZAF,TOT,A,2012,637033.795,12174.458197,7.9,NA,13.364577986522216
ZAF,TOT,A,2013,668457.699,12587.617396,7.7225,NA,13.412728396035119
ZAF,TOT,A,2014,682954.739,12667.868135,8.25,NA,13.434183868421533
ZAF,TOT,A,2015,695228.551,12698.124385,8.165833,NA,13.451995920847214
ZAF,TOT,A,2016,707743.902,12724.643279,9.020833,NA,13.469837586900292
ZAF,TOT,A,2017,724100.729,12810.965544,9.0525,NA,13.492685790143426
ZAF,TOT,A,2018,747577.76,NA,9.131667,NA,13.524593605592424
ZAF,TOT,A,2019,763258.133,NA,9.0725,NA,13.545351566288796
ZAF,TOT,A,2020,726299.553,NA,10.075,NA,13.495717816145909
EU28,TOT,A,2006,14813541.372,29823.970847,NA,NA,16.511052277983378
EU28,TOT,A,2007,15761199.171,31603.033196,NA,NA,16.573061729029803
EU28,TOT,A,2008,16549326.44,33052.83263,NA,NA,16.621855960469713
EU28,TOT,A,2009,16212325.892,32263.407949,NA,NA,16.601282368428123
EU28,TOT,A,2010,16803770.173,33358.569993,NA,NA,16.637113834255718
EU28,TOT,A,2011,17539821.165,34740.443621,NA,NA,16.679984349018248
EU28,TOT,A,2012,17856026.49,35282.913466,NA,NA,16.69785162769702
EU28,TOT,A,2013,18525434.827,36530.05932,NA,NA,16.734655201313597
EU28,TOT,A,2014,19110679.11,37595.626444,NA,NA,16.765757852476714
EU28,TOT,A,2015,19758973.927,38758.925879,NA,NA,16.7991183221645
EU28,TOT,A,2016,20971978.546,41013.178147,NA,NA,16.85869774969101
EU28,TOT,A,2017,22054487.068,43038.906204,NA,NA,16.909026634302194
EU28,TOT,A,2018,23072216.837,44923.366986,NA,NA,16.954139717297615
EU28,TOT,A,2019,24036219.36,46683.037386,NA,NA,16.995072390704845
OECD,TOT,A,2006,39724770.027,31769.865064,NA,NA,17.49748548124506
OECD,TOT,A,2007,41962098.897,33305.852937,NA,NA,17.552277361618845
OECD,TOT,A,2008,43372491.529,34160.105412,NA,NA,17.585335962374515
OECD,TOT,A,2009,42525519.112,33249.404378,NA,NA,17.565614903390976
OECD,TOT,A,2010,44463265.921,34536.850043,NA,NA,17.610173921314825
OECD,TOT,A,2011,46498957.003,35896.262919,NA,NA,17.654940440263015
OECD,TOT,A,2012,48025015.447,36857.259674,NA,NA,17.687232588263818
OECD,TOT,A,2013,50056801.347,38197.867187,NA,NA,17.728668945542104
OECD,TOT,A,2014,51870315.184,39341.363451,NA,NA,17.764257222730944
OECD,TOT,A,2015,53718452.869,40494.209134,NA,NA,17.79926712929766
OECD,TOT,A,2016,55939244.344,41905.881358,NA,NA,17.839776737316495
OECD,TOT,A,2017,58418898.247,43519.028475,NA,NA,17.88314999557109
OECD,TOT,A,2018,61070590.566,45244.937562,NA,NA,17.927540975465316
OECD,TOT,A,2019,63079189.279,46484.349363,NA,NA,17.959901467709557
OECDE,TOT,A,2006,15935803.695,29286.658723,NA,NA,16.5840789403948
OECDE,TOT,A,2007,16968978.106,30994.974911,NA,NA,16.646897417718996
OECDE,TOT,A,2008,17836449.795,32379.484799,NA,NA,16.696754662790088
OECDE,TOT,A,2009,17456370.88,31510.498427,NA,NA,16.67521523339207
OECDE,TOT,A,2010,18223253.112,32740.467885,NA,NA,16.718208980071562
OECDE,TOT,A,2011,19168169.585,34275.131364,NA,NA,16.768761627155754
OECDE,TOT,A,2012,19599738.109,34895.168677,NA,NA,16.79102676232576
OECDE,TOT,A,2013,20438332.794,36239.889538,NA,NA,16.83292275412183
OECDE,TOT,A,2014,21177349.581,37383.244752,NA,NA,16.86844275248845
OECDE,TOT,A,2015,21957532.343,38568.571243,NA,NA,16.904620797754223
OECDE,TOT,A,2016,23211788.413,40561.886245,NA,NA,16.96017082883665
OECDE,TOT,A,2017,24413641.764,42481.417902,NA,NA,17.0106526227201
OECDE,TOT,A,2018,25470463.391,44125.430493,NA,NA,17.053030040390453
OECDE,TOT,A,2019,26348386.562,45433.062017,NA,NA,17.086917600033306
OECDE,TOT,A,2020,25133304.083,NA,NA,NA,17.039704380503032
LVA,TOT,A,2006,35048.854,15797.285944,4.133333,14.90849,10.464498195779846
LVA,TOT,A,2007,40013.9,18179.666228,5.2825,13.02736,10.596982172731932
LVA,TOT,A,2008,42500.525,19516.020113,6.431667,23.20444,10.657271707777388
LVA,TOT,A,2009,36356.754,16973.369602,12.3575,42.18109,10.501135270378867
LVA,TOT,A,2010,37035.492,17658.75357,10.3375,53.99846,10.519631975089808
LVA,TOT,A,2011,40945.395,19887.749141,5.9075,49.64354,10.619994628745312
LVA,TOT,A,2012,43549.741,21414.570348,4.565,48.70946,10.681659035075823
LVA,TOT,A,2013,45914.339,22811.030828,3.34,45.54675,10.734532743777168
LVA,TOT,A,2014,47459.627,23798.233545,2.508333,50.89373,10.767634670708976
LVA,TOT,A,2015,49361.737,24964.048128,0.9633333,46.16284,10.806930848397702
LVA,TOT,A,2016,52339.473,26712.835239,0.5341667,49.82199,10.865506107252399
LVA,TOT,A,2017,55645.386,28666.003742,0.8341666,47.18818,10.926754442215167
LVA,TOT,A,2018,59355.896,30814.222639,0.9025,45.7956,10.99130673798485
LVA,TOT,A,2019,61247.544,32013.343219,0.3425,47.31281,11.022679029643845
LVA,TOT,A,2020,59629.992,31367.284335,-0.0625,NA,10.995913947956485
BRA,TOT,A,2006,2190727.859,11711.263786,NA,NA,14.599744402282523
BRA,TOT,A,2007,2386123.391,12622.435746,NA,NA,14.685180594887925
BRA,TOT,A,2008,2556454.782,13383.860084,NA,NA,14.754132005882438
BRA,TOT,A,2009,2572703.03,13331.386494,NA,NA,14.760467666802501
BRA,TOT,A,2010,2798617.242,14359.933545,NA,NA,14.844636011022383
BRA,TOT,A,2011,2970630.763,15109.737403,NA,NA,14.904284866344321
BRA,TOT,A,2012,2998534.425,15120.063649,NA,NA,14.913634202265168
BRA,TOT,A,2013,3133893.65,15669.140139,NA,NA,14.957786767053019
BRA,TOT,A,2014,3187155.079,15800.088894,NA,NA,14.974639252083835
BRA,TOT,A,2015,3014754.849,14816.290598,NA,NA,14.919029074389789
BRA,TOT,A,2016,2939094.21,14326.10209,NA,NA,14.893612000008089
BRA,TOT,A,2017,3018705.989,14596.889676,NA,NA,14.920338817063492
BRA,TOT,A,2018,3184211.037,15272.36895,NA,NA,14.973715104214781
LTU,TOT,A,2006,53828.551,16461.788562,4.080833,21.97565,10.893559293117283
LTU,TOT,A,2007,61625.453,19071.447238,4.545833,19.40425,11.028830262230752
LTU,TOT,A,2008,66270.653,20721.033864,5.6075,17.13637,11.10150243866282
LTU,TOT,A,2009,57343.818,18130.047804,14.00417,34.18004,10.956820322501441
LTU,TOT,A,2010,62292.855,20112.103125,5.566667,45.47081,11.039602011200094
LTU,TOT,A,2011,69297.819,22884.804355,5.16,45.6827,11.146168712821273
LTU,TOT,A,2012,73809.042,24703.697943,4.830833,51.18573,11.209236523408766
LTU,TOT,A,2013,79034.188,26721.601926,3.831667,47.92086,11.277635797329447
LTU,TOT,A,2014,82647.295,28184.499091,2.7925,52.58745,11.322337374340929
LTU,TOT,A,2015,83761.504,28834.457574,1.380833,53.33852,11.335728801448157
LTU,TOT,A,2016,88700.479,30925.151813,0.8983333,50.88945,11.393020568508568
LTU,TOT,A,2017,95492.278,33761.906595,0.31,47.00182,11.466800664560843
LTU,TOT,A,2018,101826.049,36346.416674,0.31,40.67271,11.531021234452254
LTU,TOT,A,2019,108289.967,38756.14082,0.31,44.54689,11.592567787885098
LTU,TOT,A,2020,108372.481,38777.34523,0.2233333,NA,11.593329470444777
SAU,TOT,A,2006,1189455.013,48394.517286,NA,NA,13.989005787917476
SAU,TOT,A,2007,1243968.072,49261.050327,NA,NA,14.03381688635704
SAU,TOT,A,2008,1347422.314,51942.263614,NA,NA,14.1137039281553
SAU,TOT,A,2009,1329736.076,49874.781069,NA,NA,14.10049104140855
SAU,TOT,A,2010,1413023.435,51351.20235,NA,NA,14.161242246808678
SAU,TOT,A,2011,1586748.999,56127.033075,NA,NA,14.277197826319297
SAU,TOT,A,2012,1672470.749,57693.997325,NA,NA,14.329812581444434
SAU,TOT,A,2013,1680157.973,56563.342326,NA,NA,14.334398378506371
SAU,TOT,A,2014,1722861.572,56613.468127,NA,NA,14.3594971710173
SAU,TOT,A,2015,1541832.174,49491.352769,NA,NA,14.248481990606406
SAU,TOT,A,2016,1475671.823,46289.738474,NA,NA,14.204623917279955
SAU,TOT,A,2017,1565891.657,47862.014148,NA,NA,14.263965968592908
SAU,TOT,A,2018,1643081.118,49173.934198,NA,NA,14.31208376768136
SAU,TOT,A,2019,1680540.376,49112.515397,NA,NA,14.334625952041357
EA19,TOT,A,2006,10747111.269,32598.726457,3.859517,NA,16.190147557263693
EA19,TOT,A,2007,11430222.948,34485.804043,4.3317,NA,16.251771541092573
EA19,TOT,A,2008,11931468.501,35819.422147,4.356,NA,16.294689879625334
EA19,TOT,A,2009,11669585.763,34922.115765,4.028792,NA,16.272496507745856
EA19,TOT,A,2010,12029243.736,35915.167554,3.781917,NA,16.30285122113688
EA19,TOT,A,2011,12552232.11,37379.594814,4.311008,NA,16.345409065097837
EA19,TOT,A,2012,12704236.259,37735.292195,3.04785,NA,16.357446059509606
EA19,TOT,A,2013,13148107.062,38969.473823,3.011842,NA,16.391788356568508
EA19,TOT,A,2014,13520383.133,39985.273246,2.281667,NA,16.419708966417218
EA19,TOT,A,2015,13929246.002,41070.906164,1.269233,NA,16.449501216652845
EA19,TOT,A,2016,14821602.279,43562.937373,0.9294167,NA,16.511596287980005
EA19,TOT,A,2017,15556126.88,45623.089819,1.170442,NA,16.5599651305629
EA19,TOT,A,2018,16250956.615,47548.319552,1.264733,NA,16.603662333622715
EA19,TOT,A,2019,16868233.203,49215.389518,0.58445,NA,16.640942718924943
EA19,TOT,A,2020,15917398.098,46367.710403,0.2132417,NA,16.582923288968107
ARG,TOT,A,2006,587451.577,15074.069861,NA,NA,13.283549099475902
ARG,TOT,A,2007,657569.211,16708.232833,NA,NA,13.39630530137253
ARG,TOT,A,2008,697557.859,17550.391451,NA,NA,13.45534074120866
ARG,TOT,A,2009,661275.817,16476.698479,NA,NA,13.401926304114616
ARG,TOT,A,2010,736718.361,18061.934358,NA,NA,13.509960955666962
ARG,TOT,A,2011,797263.882,19322.22713,NA,NA,13.588940997075682
ARG,TOT,A,2012,819697.902,19641.352863,NA,NA,13.61669113916487
ARG,TOT,A,2013,849616,20131.680421,NA,NA,13.652539761684197
ARG,TOT,A,2014,839896.688,19683.771502,NA,NA,13.641034172779356
ARG,TOT,A,2015,867176.759,20105.198994,NA,NA,13.672998109262265
ARG,TOT,A,2016,885227.529,20307.870053,NA,NA,13.693599985862086
ARG,TOT,A,2017,1037824.307,23562.918839,NA,NA,13.8526370673027
ARG,TOT,A,2018,1041835.393,23414.924229,NA,NA,13.856494516647626
ARG,TOT,A,2019,1045205.887,23258.474498,NA,NA,13.859724445027581
CRI,TOT,A,2006,47971.068,11205.664332,NA,NA,10.77835335816322
CRI,TOT,A,2007,53297.55,12278.747842,NA,NA,10.883645642868563
CRI,TOT,A,2008,56911.82,12926.352146,NA,NA,10.949258331405613
CRI,TOT,A,2009,56779.592,12701.994593,NA,NA,10.946932244372404
CRI,TOT,A,2010,60553.221,13318.135538,NA,NA,11.011277943272425
CRI,TOT,A,2011,64567.752,14068.154868,NA,NA,11.075470370084926
CRI,TOT,A,2012,69073.803,14852.929898,NA,NA,11.142930820651241
CRI,TOT,A,2013,73210.057,15542.368395,NA,NA,11.201088081222546
CRI,TOT,A,2014,79269.13,16615.974075,9.823334,NA,11.280604050622747
CRI,TOT,A,2015,85240.084,17649.314854,10.0575,NA,11.353227071664907
CRI,TOT,A,2016,93454.856,19119.336147,8.905,NA,11.445233775150554
CRI,TOT,A,2017,100716.907,20368.230268,NA,NA,11.520068959350752
CRI,TOT,A,2018,104960.285,20988.161555,10.34273,NA,11.561337319494351
CRI,TOT,A,2019,109998.851,21759.381303,10.34818,NA,11.608225199265453
BGR,TOT,A,2006,86597.081,11247.805714,NA,NA,11.369021387284983
BGR,TOT,A,2007,96549.248,12604.728791,NA,NA,11.477808499115815
BGR,TOT,A,2008,107410.912,14089.642678,NA,NA,11.584417057385577
BGR,TOT,A,2009,105648.489,13928.367151,NA,NA,11.56787272100156
BGR,TOT,A,2010,110040.697,14605.319424,NA,NA,11.608605549078792
BGR,TOT,A,2011,115128.421,15667.294737,NA,NA,11.653803488642712
BGR,TOT,A,2012,118701.781,16247.413194,NA,NA,11.684369584697498
BGR,TOT,A,2013,120520.814,16588.975372,NA,NA,11.699577747287144
BGR,TOT,A,2014,126862.574,17561.417568,NA,NA,11.750859685065604
BGR,TOT,A,2015,131666.906,18343.141628,NA,NA,11.788030572935016
BGR,TOT,A,2016,142696.411,20019.638626,NA,NA,11.868474652482913
BGR,TOT,A,2017,151335.246,21387.279564,NA,NA,11.927252827042027
BGR,TOT,A,2018,160951.517,22911.128872,NA,NA,11.988858461969892
BGR,TOT,A,2019,171459.528,24579.331314,NA,NA,12.05210252940031
HRV,TOT,A,2006,75104.328,17413.442983,NA,NA,11.226633465918589
HRV,TOT,A,2007,83268.104,19307.4334,NA,NA,11.32982084966597
HRV,TOT,A,2008,89507.429,20763.138285,NA,NA,11.402076906404766
HRV,TOT,A,2009,86145.14,20004.344703,NA,NA,11.363788827132057
HRV,TOT,A,2010,85111.874,19810.265595,NA,NA,11.351721834792812
HRV,TOT,A,2011,89055.653,20793.207219,NA,NA,11.397016767893305
HRV,TOT,A,2012,90338.799,21161.27599,NA,NA,11.411322314898397
HRV,TOT,A,2013,92861.599,21826.808171,NA,NA,11.43886548089583
HRV,TOT,A,2014,93502.185,22072.90031,NA,NA,11.445740083987685
HRV,TOT,A,2015,96704.418,22981.128967,NA,NA,11.479414368091634
HRV,TOT,A,2016,103842.682,24887.753281,NA,NA,11.550632359801602
HRV,TOT,A,2017,110537.908,26765.579327,NA,NA,11.61311379993225
HRV,TOT,A,2018,116725.695,28533.220285,NA,NA,11.667581973987186
HRV,TOT,A,2019,122958.156,30231.57293,NA,NA,11.719599381353115
CYP,TOT,A,2006,22510.259,29975.110725,NA,NA,10.02172643983192
CYP,TOT,A,2007,25193.793,32841.835601,NA,NA,10.134352933636533
CYP,TOT,A,2008,27398.527,34830.170302,NA,NA,10.218244531807
CYP,TOT,A,2009,27400.309,33909.804342,NA,NA,10.218309569684836
CYP,TOT,A,2010,27744.149,33449.01196,NA,NA,10.230780250096412
CYP,TOT,A,2011,28345.721,33313.379158,NA,NA,10.252231363019835
CYP,TOT,A,2012,27503.333,31834.588088,NA,NA,10.222062476310535
CYP,TOT,A,2013,26181.605,30375.241354,NA,NA,10.172812343925452
CYP,TOT,A,2014,25643.656,30080.39344,NA,NA,10.15205149057325
CYP,TOT,A,2015,26968.66,31815.270718,NA,NA,10.202430730064442
CYP,TOT,A,2016,30416.939,35719.036739,NA,NA,10.322754936161203
CYP,TOT,A,2017,32705.482,38050.911642,NA,NA,10.395297988094388
CYP,TOT,A,2018,35217.357,40476.556692,NA,NA,10.469294336644923
CYP,TOT,A,2019,36614.025,41514.759302,NA,NA,10.508186642709656
MLT,TOT,A,2006,9439.497,23292.963028,NA,NA,9.152657973821604
MLT,TOT,A,2007,10179.831,25027.980225,NA,NA,9.22816368878793
MLT,TOT,A,2008,10858.152,26523.730131,NA,NA,9.292671413262237
MLT,TOT,A,2009,11000.439,26670.83555,NA,NA,9.30569046007507
MLT,TOT,A,2010,11914.869,28747.240738,NA,NA,9.385542394927711
MLT,TOT,A,2011,12060.601,28972.885652,NA,NA,9.397699303202016
MLT,TOT,A,2012,12703.265,30241.405423,NA,NA,9.449614326019756
MLT,TOT,A,2013,13757.008,32287.913935,NA,NA,9.52930364598296
MLT,TOT,A,2014,14924.522,34318.634806,NA,NA,9.610760910947263
MLT,TOT,A,2015,16669.497,37430.609208,NA,NA,9.72133580132439
MLT,TOT,A,2016,18162.782,39859.419748,NA,NA,9.807129834254907
MLT,TOT,A,2017,19957.387,42598.933746,NA,NA,9.901354629472108
MLT,TOT,A,2018,21557.377,44427.223626,NA,NA,9.978473357139322
MLT,TOT,A,2019,23573.484,46704.582863,NA,NA,10.067877800025705
PER,TOT,A,2007,227418.352,7984.661964,NA,NA,12.334546560648192
PER,TOT,A,2008,253001.151,8782.617152,NA,NA,12.441149317106424
PER,TOT,A,2009,257723.487,8846.744897,NA,NA,12.459642533348847
PER,TOT,A,2010,282451.55,9586.999943,NA,NA,12.551262310435288
PER,TOT,A,2011,306596.257,10289.261223,NA,NA,12.633287037256617
PER,TOT,A,2012,317798.191,10545.510648,NA,NA,12.66917184080927
PER,TOT,A,2013,336436.393,11039.698214,NA,NA,12.726164384939363
PER,TOT,A,2014,346784.744,11254.065501,NA,NA,12.756459532148122
ROU,TOT,A,2006,244600.829,11541.177403,NA,NA,12.407382891436335
ROU,TOT,A,2007,285751.74,13683.475271,NA,NA,12.562878670877362
ROU,TOT,A,2008,344669.95,16782.182633,NA,NA,12.750342571449215
ROU,TOT,A,2009,338997.706,16644.099913,NA,NA,12.733748619378039
ROU,TOT,A,2010,343978.551,16989.279852,NA,NA,12.748334582667399
ROU,TOT,A,2011,360564.155,17896.080991,NA,NA,12.79542518103898
ROU,TOT,A,2012,378485.712,18867.513229,NA,NA,12.843933602137882
ROU,TOT,A,2013,395316.781,19777.022952,NA,NA,12.887442699686554
ROU,TOT,A,2014,411274.339,20649.982263,NA,NA,12.927015762289198
ROU,TOT,A,2015,428132.022,21598.558302,NA,NA,12.967186889615943
ROU,TOT,A,2016,478201.584,24266.283962,NA,NA,13.077787646422456
ROU,TOT,A,2017,531675.182,27136.07319,NA,NA,13.183788021705654
ROU,TOT,A,2018,569588.089,29244.574126,NA,NA,13.252668727695532
ROU,TOT,A,2019,625706.833,32293.146149,NA,NA,13.346637222495788
MKD,TOT,A,2006,17706.26,8678.569401,NA,NA,9.781673528350993
MKD,TOT,A,2007,19086.008,9339.5921300000009,NA,NA,9.856710780132513
MKD,TOT,A,2008,21537.219,10521.88172,NA,NA,9.977537833740044
MKD,TOT,A,2009,22594.461,11018.081685,NA,NA,10.025460066725708
MKD,TOT,A,2010,23364.758,11369.68999,NA,NA,10.05898409770875
MKD,TOT,A,2011,24064.035,11689.860896,NA,NA,10.088473681203295
MKD,TOT,A,2012,24558.787,11915.702401,NA,NA,10.108824991790575
MKD,TOT,A,2013,26269.659,12727.350485,NA,NA,10.176169902009118
MKD,TOT,A,2014,27776.156,13434.846939,NA,NA,10.231933233803751
MKD,TOT,A,2015,28751.752,13888.218744,NA,NA,10.266453983499218
MKD,TOT,A,2016,31373.286,15137.967397,NA,NA,10.353712045459769
MKD,TOT,A,2017,32583.022,15706.430869,NA,NA,10.391546634146641
MKD,TOT,A,2018,34726.373,16725.791726,NA,NA,10.455254706077751
MKD,TOT,A,2019,36634.491,NA,NA,NA,10.508745452680156
ZMB,TOT,A,2006,28812.479,2366.722411,NA,NA,10.268563870888414
ZMB,TOT,A,2007,32057.694,2564.000152,NA,NA,10.375292495940945
ZMB,TOT,A,2008,35221.847,2741.213127,NA,NA,10.46942182246961
ZMB,TOT,A,2009,38762.674,2933.232987,NA,NA,10.565213052273187
ZMB,TOT,A,2010,43252.758,3178.947393,NA,NA,10.67481627911301
ZMB,TOT,A,2011,46613.602,3324.081982,NA,NA,10.749647665934619
ZMB,TOT,A,2012,49607.768,3429.503474,NA,NA,10.811902713353724
ZMB,TOT,A,2013,53493.8,3583.693952,NA,NA,10.887321038318115
ZMB,TOT,A,2014,54507.864,3539.471693,NA,NA,10.90610026382
ZMB,TOT,A,2015,54481.786,3431.059027,NA,NA,10.905621722958594
ZMB,TOT,A,2016,55729.642,3405.832772,NA,NA,10.928267456713773
ZMB,TOT,A,2017,58735.191,3484.940724,NA,NA,10.9807943321468
ZMB,TOT,A,2018,63115.611,3637.368088,NA,NA,11.052723418881607
HKG,TOT,A,2006,285921.258,41697.718813,NA,NA,12.563471730215696
HKG,TOT,A,2007,312582.464,45197.00174,NA,NA,12.652623598147123
HKG,TOT,A,2008,325443.454,46772.557397,NA,NA,12.692944005109512
HKG,TOT,A,2009,319860.564,45871.298403,NA,NA,12.675640442314739
HKG,TOT,A,2010,345486.833,49186.621974,NA,NA,12.752709811478129
HKG,TOT,A,2011,369685.332,52274.50957,NA,NA,12.820407468725136
HKG,TOT,A,2012,373485.399,52235.720172,NA,NA,12.830634190421405
HKG,TOT,A,2013,385454.66,53691.971048,NA,NA,12.862178851579538
HKG,TOT,A,2014,395992.927,54778.382506,NA,NA,12.889151628965996
HKG,TOT,A,2015,411282.706,56409.642787,NA,NA,12.927036106166991
HKG,TOT,A,2016,419837.588,57221.969152,NA,NA,12.947623220235572
HKG,TOT,A,2017,442387.688,59846.819225,NA,NA,12.999941898784916
HKG,TOT,A,2018,466106.548,62556.2405,NA,NA,13.052169530749602
MDG,TOT,A,2007,30541.742,1571.562292,NA,NA,10.326849617093517
MDG,TOT,A,2008,33333.025,1666.984633,NA,NA,10.414303926259338
MDG,TOT,A,2009,32227.722,1566.810322,NA,NA,10.380582292820414
MDG,TOT,A,2010,32809.07,1551.109609,NA,NA,10.398460280536657
MDG,TOT,A,2011,34048.44,1565.877486,NA,NA,10.435539495550147
MDG,TOT,A,2012,34699.876,1552.77558,NA,NA,10.454491392441534
MDG,TOT,A,2013,35730.697,1556.147235,NA,NA,10.483765458243925
MDG,TOT,A,2014,37125.674,1573.788648,NA,NA,10.522064030822358
MDG,TOT,A,2015,37860.909,1562.305391,NA,NA,10.541674433983806
MDG,TOT,A,2016,40437.411,1624.383829,NA,NA,10.607510650313477
MDG,TOT,A,2017,40952.508,1601.521574,NA,NA,10.620168332827037
MDG,TOT,A,2018,43476.259,1655.481656,NA,NA,10.679970297975112
MAR,TOT,A,2007,174476.004,5657.274524,NA,NA,12.06954249827487
MAR,TOT,A,2008,188405.513,6042.899269,NA,NA,12.146351902904337
MAR,TOT,A,2009,197898.249,6279.693123,NA,NA,12.195508283648532
MAR,TOT,A,2010,207843.489,6525.49337,NA,NA,12.244540618715028
MAR,TOT,A,2011,223315.73,6938.287763,NA,NA,12.316341878696987
MAR,TOT,A,2012,225677.095,6923.247392,NA,NA,12.326860473384594
MAR,TOT,A,2013,235384.98,7143.701966,NA,NA,12.368977665485435
MAR,TOT,A,2014,233044.129,6900.513126,NA,NA,12.358983109464683
MAR,TOT,A,2015,247397.868,7249.966832,NA,NA,12.41875312128011
MAR,TOT,A,2016,252196.888,7312.810289,NA,NA,12.437965363023661
MAR,TOT,A,2017,264212.938,7581.215412,NA,NA,12.484510640348258
MAR,TOT,A,2018,279235.646,7928.326114,NA,NA,12.53981131364076
SGP,TOT,A,2006,281491.798,63960.872088,NA,NA,12.54785858937008
SGP,TOT,A,2007,315132.192,68671.212114,NA,NA,12.660747486919195
SGP,TOT,A,2008,327263.784,67630.457453,NA,NA,12.698521803587921
SGP,TOT,A,2009,330157.7,66190.396875,NA,NA,12.707325698082839
SGP,TOT,A,2010,382521.231,75343.949298,NA,NA,12.854539436590686
SGP,TOT,A,2011,414966.621,80047.57357,NA,NA,12.935953364652761
SGP,TOT,A,2012,435967.947,82072.279162,NA,NA,12.985324003573687
SGP,TOT,A,2013,448147.719,83005.689686,NA,NA,13.012878186958876
SGP,TOT,A,2014,461712.944,84408.216516,NA,NA,13.042698643622993
SGP,TOT,A,2015,481393.137,86972.563073,NA,NA,13.0844395478938
SGP,TOT,A,2016,501247.434,89396.724443,NA,NA,13.124855138387819
SGP,TOT,A,2017,532832.748,94945.250892,NA,NA,13.185962860283448
SGP,TOT,A,2018,571120.252,101280.413499,NA,NA,13.255355065414513
EU27_2020,TOT,A,2006,14065855.974,32270.599392,NA,NA,16.459260856497238
EU27_2020,TOT,A,2007,14937070.787,34149.27149,NA,NA,16.51935665331849
EU27_2020,TOT,A,2008,15417487.919,35130.03453,NA,NA,16.551013002257402
EU27_2020,TOT,A,2009,14724698.541,33447.142318,NA,NA,16.505036814694733
EU27_2020,TOT,A,2010,15270201.888,34628.527973,NA,NA,16.54141389832549
EU27_2020,TOT,A,2011,15749444.338,35664.752982,NA,NA,16.572315642486572
EU27_2020,TOT,A,2012,15842238.505,35811.67136,NA,NA,16.578190254125957
EU27_2020,TOT,A,2013,16021130.922,36163.242927,NA,NA,16.589419091494843
EU27_2020,TOT,A,2014,16389098.803,36935.272144,NA,NA,16.61212696464455
EU27_2020,TOT,A,2015,16987124.342,38200.647923,NA,NA,16.647966223407472
EU27_2020,TOT,A,2016,17459335.476,39172.901704,NA,NA,16.675385047857624
EU27_2020,TOT,A,2017,18180918.911,40728.649363,NA,NA,16.715883190595758
EU27_2020,TOT,A,2018,18805294.952,42055.470257,NA,NA,16.74964903452826
EU27_2020,TOT,A,2019,19426683.524,43354.982276,NA,NA,16.782158118364727
EU27_2020,TOT,A,2020,18497415.189,41235.245877,NA,NA,16.73314156077336
