LOCATION,SUBJECT,FREQUENCY,TIME,Flag Codes,GDP_MLN_USD,GDP_USD_CAP,LTINT
AUS,TOT,A,2006,NA,773925.843,37842.933976,5.587872
AUS,TOT,A,2007,NA,824690.484,39596.040082,5.994521
AUS,TOT,A,2008,NA,851983.13,40094.833205,5.817944
AUS,TOT,A,2009,NA,902680.372,41614.090724,5.039512
AUS,TOT,A,2010,NA,942676.08,42787.065957,5.366042
AUS,TOT,A,2011,NA,992327.38,44419.309749,4.879583
AUS,TOT,A,2012,NA,997527.347,43879.180355,3.379167
AUS,TOT,A,2013,NA,1104626.135,47761.21406,3.697292
AUS,TOT,A,2014,NA,1118494.158,47644.762792,3.656667
AUS,TOT,A,2015,NA,1126907.643,47317.250695,2.710833
AUS,TOT,A,2016,NA,1215297.461,50237.794429,2.336667
AUS,TOT,A,2017,NA,1251095.561,50853.615427,2.639167
AUS,TOT,A,2018,NA,1326164.114,53061.634053,2.684167
AUS,TOT,A,2019,NA,1346385.112,NA,1.493333
AUS,TOT,A,2019,E,NA,53067.877181,1.493333
AUT,TOT,A,2006,NA,310998.391,37614.942761,3.8
AUT,TOT,A,2007,NA,326699.296,39384.189618,4.2975
AUT,TOT,A,2008,NA,343812.976,41316.022642,4.358333
AUT,TOT,A,2009,NA,341644.307,40957.262321,3.936667
AUT,TOT,A,2010,NA,351610.069,42053.24337,3.225833
AUT,TOT,A,2011,NA,373031.477,44469.209642,3.319167
AUT,TOT,A,2012,NA,391635.176,46477.655075,2.3725
AUT,TOT,A,2013,NA,406370.245,47936.677963,2.01
AUT,TOT,A,2014,NA,417059.519,48813.534409,1.4875
AUT,TOT,A,2015,NA,430975.924,49942.056293,0.7463517
AUT,TOT,A,2016,NA,460282.647,52665.087457,0.3753925
AUT,TOT,A,2017,NA,476563.995,54185.337013,0.583265
AUT,TOT,A,2018,NA,504354.99,57068.534815,0.6861517
AUT,TOT,A,2019,NA,520804.077,58664.718719,0.0629325
AUT,TOT,A,2020,NA,494184.906,55407.641086,-0.2248375
BEL,TOT,A,2006,NA,371415.055,35211.893732,3.815
BEL,TOT,A,2007,NA,390457.716,36745.503067,4.328333
BEL,TOT,A,2008,NA,405729.43,37883.233422,4.4175
BEL,TOT,A,2009,NA,407862.461,37779.034875,3.901667
BEL,TOT,A,2010,NA,434412.544,39868.992658,3.4625
BEL,TOT,A,2011,NA,451932.625,40943.343479,4.233333
BEL,TOT,A,2012,NA,469720.336,42290.477674,3
BEL,TOT,A,2013,NA,487343.796,43672.712292,2.41
BEL,TOT,A,2014,NA,503619.623,44929.933328,1.713333
BEL,TOT,A,2015,NA,520877.807,46201.685891,0.84
BEL,TOT,A,2016,NA,550677.566,48599.202676,0.4758333
BEL,TOT,A,2017,NA,573712.461,50436.26033,0.7225
BEL,TOT,A,2018,NA,601841.891,52668.407357,0.795
BEL,TOT,A,2019,NA,628370.645,54693.240937,0.1933333
BEL,TOT,A,2020,P,596227.81,51688.583464,-0.1483333
CAN,TOT,A,2006,NA,1241194.165,38107.136242,4.20776
CAN,TOT,A,2007,NA,1300942.608,39555.523703,4.269767
CAN,TOT,A,2008,NA,1342396.613,40376.330167,3.605302
CAN,TOT,A,2009,NA,1307953.077,38893.727456,3.230619
CAN,TOT,A,2010,NA,1364079.668,40114.222041,3.23514
CAN,TOT,A,2011,NA,1430807.125,41666.718851,2.783036
CAN,TOT,A,2012,NA,1468094.965,42290.879082,1.87341
CAN,TOT,A,2013,NA,1554122.745,44298.514462,2.261959
CAN,TOT,A,2014,NA,1621396.709,45753.782936,2.23083
CAN,TOT,A,2015,NA,1594850.842,44670.054374,1.521695
CAN,TOT,A,2016,NA,1678093.396,46472.368771,1.251758
CAN,TOT,A,2017,NA,1765763.154,48316.716527,1.783652
CAN,TOT,A,2018,NA,1862154.108,50239.988278,2.277912
CAN,TOT,A,2019,NA,1904502.917,50660.587438,1.588883
CAN,TOT,A,2020,NA,1839649.162,48405.147781,0.7531087
CZE,TOT,A,2006,NA,244624.887,23827.147382,3.8
CZE,TOT,A,2007,NA,270349.144,26189.798385,4.3025
CZE,TOT,A,2008,NA,290503.947,27853.549898,4.633333
CZE,TOT,A,2009,NA,290152.861,27656.015128,4.8375
CZE,TOT,A,2010,NA,292270.175,27789.608377,3.884167
CZE,TOT,A,2011,NA,304400.914,28999.754757,3.7075
CZE,TOT,A,2012,NA,307490.199,29258.904853,2.781667
CZE,TOT,A,2013,NA,324029.978,30828.526409,2.111667
CZE,TOT,A,2014,NA,342099.837,32504.217576,1.575833
CZE,TOT,A,2015,NA,357503.881,33909.309243,0.575
CZE,TOT,A,2016,NA,381420.335,36101.285601,0.4275
CZE,TOT,A,2017,NA,411327.86,38842.896268,0.9808334
CZE,TOT,A,2018,NA,437252.426,41147.631528,1.981667
CZE,TOT,A,2019,NA,458949.665,43015.814745,1.548333
CZE,TOT,A,2020,NA,440098.351,41134.931169,1.128333
DNK,TOT,A,2006,NA,202725.721,37286.319861,3.812175
DNK,TOT,A,2007,NA,212771.394,38969.119721,4.286608
DNK,TOT,A,2008,NA,226767.494,41282.995471,4.281425
DNK,TOT,A,2009,NA,222918.17,40361.790678,3.586242
DNK,TOT,A,2010,NA,238749.494,43041.192361,2.926058
DNK,TOT,A,2011,NA,247352.237,44407.94207,2.72935
DNK,TOT,A,2012,NA,250524.599,44808.549212,1.403058
DNK,TOT,A,2013,NA,262368.12,46742.939663,1.745833
DNK,TOT,A,2014,NA,270330.607,47905.477079,1.326667
DNK,TOT,A,2015,NA,278748.365,49058.142344,0.6908333
DNK,TOT,A,2016,NA,297719.06,51967.020438,0.3208333
DNK,TOT,A,2017,NA,319130.165,55356.49009,0.4766667
DNK,TOT,A,2018,NA,332918.429,57459.169626,0.4558333
DNK,TOT,A,2019,NA,350812.056,60308.072261,-0.185
DNK,TOT,A,2020,NA,348880.767,59842.327077,-0.36
FIN,TOT,A,2006,NA,181207.156,34408.817577,3.7825
FIN,TOT,A,2007,NA,199873.495,37792.556693,4.293334
FIN,TOT,A,2008,NA,212980.742,40083.701943,4.29
FIN,TOT,A,2009,NA,202878.3,38000.018769,3.738333
FIN,TOT,A,2010,NA,209096.826,38985.871994,3.010833
FIN,TOT,A,2011,NA,220471.171,40916.647325,3.005833
FIN,TOT,A,2012,NA,221285.636,40872.854802,1.883333
FIN,TOT,A,2013,NA,225679.983,41492.918416,1.860833
FIN,TOT,A,2014,NA,228058.636,41749.864733,1.448333
FIN,TOT,A,2015,NA,232867.602,42490.211049,0.7233334
FIN,TOT,A,2016,NA,246928.493,44934.488245,0.365
FIN,TOT,A,2017,NA,262026.563,47570.270354,0.5466667
FIN,TOT,A,2018,NA,274425.751,49749.057567,0.6616667
FIN,TOT,A,2019,NA,284674.869,51556.59032,0.07
FIN,TOT,A,2020,NA,277873.146,50247.399815,-0.2191667
FRA,TOT,A,2006,NA,2062931.189,32431.435631,3.795742
FRA,TOT,A,2007,NA,2181667.496,34086.956799,4.3032
FRA,TOT,A,2008,NA,2259255.844,35102.870428,4.234325
FRA,TOT,A,2009,NA,2245566.431,34711.655714,3.648817
FRA,TOT,A,2010,NA,2336459.963,35939.455835,3.117017
FRA,TOT,A,2011,NA,2446474.544,37447.949543,3.321058
FRA,TOT,A,2012,NA,2474005.287,37684.198067,2.535992
FRA,TOT,A,2013,NA,2608523.504,39528.473644,2.20435
FRA,TOT,A,2014,NA,2662032.873,40144.059485,1.666442
FRA,TOT,A,2015,NA,2718495.127,40829.893311,0.8418583
FRA,TOT,A,2016,NA,2864105.631,42855.944562,0.4678833
FRA,TOT,A,2017,NA,2983010.673,44480.722199,0.8098583
FRA,TOT,A,2018,P,3124870.045,46456.107107,0.7841083
FRA,TOT,A,2019,P,3320559.672,49225.564402,0.1302
FRA,TOT,A,2020,P,3077474.669,45494.488417,-0.1452667
DEU,TOT,A,2006,NA,2810242.832,34620.413592,3.764125
DEU,TOT,A,2007,NA,2981616.28,36813.713454,4.217113
DEU,TOT,A,2008,NA,3103958.247,38432.448211,3.984804
DEU,TOT,A,2009,NA,3017520.905,37492.649447,3.222218
DEU,TOT,A,2010,NA,3187863.278,39707.329953,2.744305
DEU,TOT,A,2011,NA,3415019.966,42541.513126,2.609223
DEU,TOT,A,2012,NA,3487234.448,43359.541048,1.49513
DEU,TOT,A,2013,NA,3628559.337,44993.667838,1.571408
DEU,TOT,A,2014,NA,3807114.521,47011.280402,1.163512
DEU,TOT,A,2015,NA,3889081.896,47609.557159,0.4953091
DEU,TOT,A,2016,NA,4165169.905,50579.483717,0.09157856
DEU,TOT,A,2017,NA,4376927.671,52952.897774,0.31638
DEU,TOT,A,2018,NA,4556073.246,54954.68658,0.3964832
DEU,TOT,A,2019,NA,4644164.145,55891.15984,-0.2536345
DEU,TOT,A,2020,P,4474718.971,53809.843557,-0.5111811
GRC,TOT,A,2006,NA,314201.08,28510.877946,4.07
GRC,TOT,A,2007,NA,323551.015,29284.612817,4.5
GRC,TOT,A,2008,NA,341817.829,30855.935774,4.8025
GRC,TOT,A,2009,NA,337447.85,30381.482016,5.174167
GRC,TOT,A,2010,B,310668.24,27934.317127,9.091666
GRC,TOT,A,2011,NA,285079.561,25671.291223,15.74917
GRC,TOT,A,2012,NA,275155.48,24912.130664,22.4975
GRC,TOT,A,2013,NA,284524.655,25947.870627,10.05417
GRC,TOT,A,2014,NA,290197.021,26642.231958,6.929167
GRC,TOT,A,2015,NA,289145.992,26720.908773,9.666364
GRC,TOT,A,2016,NA,296029.545,27471.218206,8.36
GRC,TOT,A,2017,NA,308068.164,28644.977147,5.978333
GRC,TOT,A,2018,P,318561.979,29680.902369,4.185
GRC,TOT,A,2019,P,330966.206,30869.249859,2.585833
GRC,TOT,A,2020,P,303970.143,28389.13061,1.271667
HUN,TOT,A,2006,NA,184680.779,18337.205217,7.115833
HUN,TOT,A,2007,NA,191472.991,19041.087901,6.744167
HUN,TOT,A,2008,NA,207757.652,20696.728568,8.238334
HUN,TOT,A,2009,NA,207359.074,20689.046702,9.123333
HUN,TOT,A,2010,NA,217167.008,21716.650836,7.281667
HUN,TOT,A,2011,NA,229348.032,22999.830605,7.635409
HUN,TOT,A,2012,NA,230214.451,23206.255116,7.890833
HUN,TOT,A,2013,NA,242367.239,24498.658689,5.923333
HUN,TOT,A,2014,NA,253001.466,25642.556756,4.809166
HUN,TOT,A,2015,NA,263571.392,26777.470459,3.4325
HUN,TOT,A,2016,NA,273925.72,27911.664733,3.143333
HUN,TOT,A,2017,NA,288403.654,29465.126306,2.9625
HUN,TOT,A,2018,NA,311175.568,31831.981048,3.058333
HUN,TOT,A,2019,P,331796.894,33956.821868,2.465
HUN,TOT,A,2020,P,327775.401,33618.934605,2.225
ISL,TOT,A,2006,NA,12044.114,39579.737256,8.830566
ISL,TOT,A,2007,NA,12902.915,41435.17855,9.419559
ISL,TOT,A,2008,NA,13879.916,43456.216759,11.06824
ISL,TOT,A,2009,NA,13343.517,41802.999355,8.256277
ISL,TOT,A,2010,NA,12659.835,39810.803416,6.085834
ISL,TOT,A,2011,NA,13059.434,40938.664549,5.978333
ISL,TOT,A,2012,NA,13471.498,42006.543346,6.194167
ISL,TOT,A,2013,NA,14378.252,44404.731588,5.789166
ISL,TOT,A,2014,NA,15058.764,45995.001692,6.373333
ISL,TOT,A,2015,NA,16276.45,49203.294991,6.259167
ISL,TOT,A,2016,NA,17939.411,53486.615773,5.603333
ISL,TOT,A,2017,NA,19106.258,55638.491978,4.858333
ISL,TOT,A,2018,NA,20536.241,58225.804712,5.330833
ISL,TOT,A,2019,NA,21663.292,60075.684325,3.974167
ISL,TOT,A,2020,NA,20405.655,NA,2.466667
ISL,TOT,A,2020,E,NA,55967.237695,2.466667
IRL,TOT,A,2006,NA,188776.116,44211.664919,3.765
IRL,TOT,A,2007,NA,205566.767,46717.776723,4.305833
IRL,TOT,A,2008,NA,198655.442,44184.55577,4.525833
IRL,TOT,A,2009,NA,188520.754,41532.216851,5.225
IRL,TOT,A,2010,NA,197529.445,43320.055178,5.739167
IRL,TOT,A,2011,NA,205590.143,44903.001303,9.601666
IRL,TOT,A,2012,NA,212744.231,46274.528754,6.171667
IRL,TOT,A,2013,NA,221412.808,47924.393776,3.79
IRL,TOT,A,2014,NA,238264.091,51212.507468,2.3675
IRL,TOT,A,2015,NA,324635.968,69133.717666,1.1825
IRL,TOT,A,2016,NA,340945.9,71793.28924,0.7358333
IRL,TOT,A,2017,NA,378128.166,78739.398464,0.8016667
IRL,TOT,A,2018,NA,413286.508,85027.004221,0.9508333
IRL,TOT,A,2019,NA,441284.827,89561.463935,0.3333333
IRL,TOT,A,2020,NA,449139.766,90182.804579,-0.06083333
ITA,TOT,A,2006,NA,1884457.559,32252.424492,4.046142
ITA,TOT,A,2007,NA,1992732.867,33897.278447,4.487258
ITA,TOT,A,2008,NA,2089717.307,35274.312724,4.681067
ITA,TOT,A,2009,NA,2046377.425,34347.697478,4.311183
ITA,TOT,A,2010,NA,2085694.44,34860.578039,4.035708
ITA,TOT,A,2011,NA,2173169.961,36183.316026,5.422758
ITA,TOT,A,2012,NA,2172383.108,36002.908697,5.492675
ITA,TOT,A,2013,NA,2187376.607,36067.707344,4.316425
ITA,TOT,A,2014,NA,2200256.409,36194.916674,2.8932
ITA,TOT,A,2015,NA,2240922.483,36899.396401,1.71395
ITA,TOT,A,2016,NA,2420672.141,39926.966169,1.486433
ITA,TOT,A,2017,NA,2517184.468,41581.131252,2.112925
ITA,TOT,A,2018,NA,2605604.586,43097.264517,2.6104
ITA,TOT,A,2019,NA,2678904.139,44397.556124,1.913225
ITA,TOT,A,2020,NA,2468700.397,41108.214758,1.1681
JPN,TOT,A,2006,NA,4230713.959,33094.337825,1.7405
JPN,TOT,A,2007,NA,4416227.644,34507.170217,1.6655
JPN,TOT,A,2008,NA,4456434.365,34803.657814,1.467333
JPN,TOT,A,2009,NA,4250983.216,33201.987096,1.33375
JPN,TOT,A,2010,NA,4480784.403,34994.372225,1.148333
JPN,TOT,A,2011,NA,4573186.792,35775.256332,1.102417
JPN,TOT,A,2012,NA,4746699.388,37213.837398,0.8355833
JPN,TOT,A,2013,NA,4967051.575,39008.36056,0.6896667
JPN,TOT,A,2014,NA,4986566.209,39183.465681,0.5203333
JPN,TOT,A,2015,NA,5135040.993,40398.402903,0.35
JPN,TOT,A,2016,NA,5075243.84,39983.643655,-0.06625
JPN,TOT,A,2017,NA,5193982.177,40992.39323,0.05166667
JPN,TOT,A,2018,NA,5275711.568,41724.030341,0.065
JPN,TOT,A,2019,E,5346540.495,42385.765777,-0.1104167
KOR,TOT,A,2006,NA,1301782.512,26875.232505,5.151667
KOR,TOT,A,2007,NA,1414277.971,29050.159627,5.350833
KOR,TOT,A,2008,NA,1468996.086,29945.899216,5.568333
KOR,TOT,A,2009,NA,1456054.669,29529.785604,5.165833
KOR,TOT,A,2010,NA,1573257.913,31748.35357,4.773334
KOR,TOT,A,2011,NA,1625275.456,32546.517725,4.2025
KOR,TOT,A,2012,NA,1684562.928,33557.030447,3.4475
KOR,TOT,A,2013,NA,1726902.753,34244.239492,3.278083
KOR,TOT,A,2014,NA,1792600.237,35324.260296,3.186333
KOR,TOT,A,2015,NA,1933588.947,37902.361018,2.30575
KOR,TOT,A,2016,NA,2026967.822,39575.302078,1.747417
KOR,TOT,A,2017,NA,2103651.26,40957.347064,2.282583
KOR,TOT,A,2018,NA,2192613.181,42486.739807,2.50275
KOR,TOT,A,2019,P,2209423.793,42728.031736,1.70225
LUX,TOT,A,2006,NA,36831.649,77880.528105,3.303333
LUX,TOT,A,2007,NA,40300.663,83837.451183,NA
LUX,TOT,A,2008,NA,42362.964,86591.985457,NA
LUX,TOT,A,2009,NA,40978.43,82249.998512,NA
LUX,TOT,A,2010,NA,43438.662,85587.014645,2.950091
LUX,TOT,A,2011,NA,47690.506,91814.036613,2.921892
LUX,TOT,A,2012,NA,48646.452,91526.720705,1.834661
LUX,TOT,A,2013,NA,51940.087,95246.113893,1.849622
LUX,TOT,A,2014,NA,56353.755,100933.604548,1.336248
LUX,TOT,A,2015,NA,59081.017,103760.127974,0.36428
LUX,TOT,A,2016,NA,64406.168,110260.934439,-0.177239
LUX,TOT,A,2017,NA,66973.383,112187.731906,0.5027078
LUX,TOT,A,2018,NA,70914.212,116480.803842,0.5640635
LUX,TOT,A,2019,NA,74996.716,120670.500099,-0.1200168
LUX,TOT,A,2020,NA,74224.746,117613.939943,-0.4101667
MEX,TOT,A,2006,NA,1485209.624,13720.688285,8.388333
MEX,TOT,A,2007,NA,1560053.895,14233.029479,7.793334
MEX,TOT,A,2008,NA,1653898.19,14885.902438,8.3125
MEX,TOT,A,2009,NA,1637276.794,14532.386514,7.96375
MEX,TOT,A,2010,NA,1741129.429,15257.673655,6.9
MEX,TOT,A,2011,NA,1911319.096,16546.641414,6.667778
MEX,TOT,A,2012,NA,2012767.781,17220.06914,5.598333
MEX,TOT,A,2013,NA,2064490.947,17461.798268,5.6775
MEX,TOT,A,2014,NA,2173227.412,18178.397421,6.014167
MEX,TOT,A,2015,NA,2230188.94,18454.801482,5.928333
MEX,TOT,A,2016,NA,2383253.082,19516.145022,6.19375
MEX,TOT,A,2017,NA,2460766.096,19947.197691,7.248333
MEX,TOT,A,2018,P,2556350.973,20518.580821,7.93
MEX,TOT,A,2019,P,2608649.816,20739.308737,7.668334
NLD,TOT,A,2006,NA,669518.848,40959.18563,3.78075
NLD,TOT,A,2007,NA,718924.413,43885.020938,4.288167
NLD,TOT,A,2008,NA,763407.575,46419.042594,4.22675
NLD,TOT,A,2009,NA,737085.619,44590.781562,3.686833
NLD,TOT,A,2010,NA,748993.689,45079.367407,2.990083
NLD,TOT,A,2011,NA,777880.907,46599.227659,2.98875
NLD,TOT,A,2012,NA,792041.828,47271.968226,1.9335
NLD,TOT,A,2013,NA,827475.788,49242.786711,1.958917
NLD,TOT,A,2014,NA,830318.43,49233.230349,1.454667
NLD,TOT,A,2015,NA,851884.697,50288.352815,0.6903333
NLD,TOT,A,2016,NA,890488.555,52289.404292,0.2910833
NLD,TOT,A,2017,NA,943739.619,55089.58143,0.5220833
NLD,TOT,A,2018,NA,997729.784,NA,0.5766667
NLD,TOT,A,2019,P,1031484.13,59468.672811,-0.07
NLD,TOT,A,2020,P,1004759.711,57609.065456,-0.3766667
NLD,TOT,A,2018,P,NA,57899.824961,0.5766667
NZL,TOT,A,2006,NA,116100.638,27664.745638,5.780833
NZL,TOT,A,2007,NA,123992.448,29275.954051,6.265
NZL,TOT,A,2008,NA,127057.687,29748.931565,6.080833
NZL,TOT,A,2009,NA,132091.564,30591.621801,5.456666
NZL,TOT,A,2010,NA,135912.366,31152.554881,5.603333
NZL,TOT,A,2011,NA,143362.869,32638.103325,4.945
NZL,TOT,A,2012,NA,145417.047,32916.91304,3.685
NZL,TOT,A,2013,NA,160992.629,36111.576126,4.093333
NZL,TOT,A,2014,NA,168435.427,37206.031789,4.304167
NZL,TOT,A,2015,NA,172758.809,37464.231077,3.423333
NZL,TOT,A,2016,NA,188355.645,40049.253774,2.761667
NZL,TOT,A,2017,NA,203544.585,42523.834338,2.990833
NZL,TOT,A,2018,NA,215287.748,44275.115253,2.754167
NZL,TOT,A,2019,NA,223650.279,NA,1.649167
NZL,TOT,A,2019,E,NA,45300.846487,1.649167
NOR,TOT,A,2006,NA,252086.882,54084.291298,4.076667
NOR,TOT,A,2007,NA,263065.787,55864.469542,4.774167
NOR,TOT,A,2008,NA,294277.831,61719.343656,4.458333
NOR,TOT,A,2009,NA,267535.443,55401.83115,3.998333
NOR,TOT,A,2010,NA,283400.011,57966.866732,3.528333
NOR,TOT,A,2011,NA,307471.57,62077.845797,3.135
NOR,TOT,A,2012,NA,327987.716,65349.216157,2.101667
NOR,TOT,A,2013,NA,340137.933,66956.285962,2.5775
NOR,TOT,A,2014,NA,338506.045,65895.667611,2.515
NOR,TOT,A,2015,NA,313230.601,60352.716908,1.565
NOR,TOT,A,2016,NA,308522.085,58923.240139,1.331667
NOR,TOT,A,2017,NA,337993.785,64050.366694,1.6375
NOR,TOT,A,2018,NA,370296.235,69709.381608,1.879167
NOR,TOT,A,2019,NA,365502.326,68343.740792,1.494167
NOR,TOT,A,2020,NA,366402.006,68117.123175,0.8175
POL,TOT,A,2006,NA,577156.392,15135.749292,5.231667
POL,TOT,A,2007,NA,639756.006,16784.447639,5.484334
POL,TOT,A,2008,NA,697829.214,18308.038986,6.071667
POL,TOT,A,2009,NA,734574.626,19088.289016,6.120598
POL,TOT,A,2010,NA,802270.074,20828.986526,5.781667
POL,TOT,A,2011,NA,868896.689,22553.514215,5.955583
POL,TOT,A,2012,NA,903836.561,23455.560312,4.999283
POL,TOT,A,2013,NA,934552.984,24272.842559,4.033292
POL,TOT,A,2014,NA,968368.101,25162.875509,3.516211
POL,TOT,A,2015,NA,1020392.781,26534.723216,2.700557
POL,TOT,A,2016,NA,1075392.661,27985.340009,3.035689
POL,TOT,A,2017,NA,1141694.015,29714.590984,3.42
POL,TOT,A,2018,NA,1214376.603,31613.688164,3.198333
POL,TOT,A,2019,NA,1296588.742,33777.646597,2.3475
POL,TOT,A,2020,NA,1279340.775,33356.123878,1.499167
PRT,TOT,A,2006,NA,259371.294,24649.676772,3.914667
PRT,TOT,A,2007,NA,270973.95,25701.787963,4.424141
PRT,TOT,A,2008,NA,281542.549,26665.771577,4.519855
PRT,TOT,A,2009,NA,279829.997,26478.491799,4.210149
PRT,TOT,A,2010,NA,288463.417,27282.766346,5.396408
PRT,TOT,A,2011,NA,282620.91,26769.42769,10.23912
PRT,TOT,A,2012,NA,277991.759,26438.140472,10.54652
PRT,TOT,A,2013,NA,292135.199,27936.006299,6.293129
PRT,TOT,A,2014,NA,298951.673,28742.313125,3.75395
PRT,TOT,A,2015,NA,307230.008,29660.845901,2.423333
PRT,TOT,A,2016,NA,326364.379,31607.610185,3.171667
PRT,TOT,A,2017,NA,340370.325,33044.70015,3.0525
PRT,TOT,A,2018,NA,359232.261,34931.85988,1.839167
PRT,TOT,A,2019,P,379273.761,36871.738281,0.7575
PRT,TOT,A,2020,E,352601.07,34199.578099,0.4166667
SVK,TOT,A,2006,NA,101490.226,18826.142072,4.411667
SVK,TOT,A,2007,NA,113923.832,21110.422832,4.490833
SVK,TOT,A,2008,NA,127626.827,23608.977522,4.723333
SVK,TOT,A,2009,NA,124412.901,22963.908847,4.706666
SVK,TOT,A,2010,NA,135914.51,25030.420998,3.871667
SVK,TOT,A,2011,NA,140804.819,26084.105497,4.415
SVK,TOT,A,2012,NA,145826.897,26973.791217,4.5525
SVK,TOT,A,2013,NA,151588.593,28004.527785,3.1875
SVK,TOT,A,2014,NA,157123.984,28997.375683,2.070833
SVK,TOT,A,2015,NA,162278.154,29927.681435,0.885
SVK,TOT,A,2016,NA,161074.014,29659.331169,0.5433334
SVK,TOT,A,2017,NA,163684.591,30097.992379,0.9166667
SVK,TOT,A,2018,NA,171886.539,31561.916967,0.8858333
SVK,TOT,A,2019,NA,177504.849,32550.322192,0.2475
SVK,TOT,A,2020,E,170854.703,31288.651882,-0.0375
ESP,TOT,A,2006,NA,1362071.029,30704.576922,3.78431
ESP,TOT,A,2007,NA,1466711.066,32423.53222,4.306627
ESP,TOT,A,2008,NA,1528583.756,33242.245427,4.363732
ESP,TOT,A,2009,NA,1488992.726,32112.818687,3.974298
ESP,TOT,A,2010,NA,1476808.758,31716.709735,4.250001
ESP,TOT,A,2011,NA,1489594.952,31872.363088,5.436894
ESP,TOT,A,2012,NA,1483646.902,31724.631513,5.846537
ESP,TOT,A,2013,NA,1512074.431,32452.659676,4.561962
ESP,TOT,A,2014,NA,1558306.999,33544.352014,2.721831
ESP,TOT,A,2015,NA,1621069.826,34929.20969,1.735087
ESP,TOT,A,2016,NA,1733213.64,37313.634913,1.393302
ESP,TOT,A,2017,NA,1841779.72,39580.188366,1.557866
ESP,TOT,A,2018,P,1905614.461,40780.287322,1.419352
ESP,TOT,A,2019,P,1988354.742,42211.809525,0.6610183
ESP,TOT,A,2020,P,1796199.44,37933.262916,0.3794776
SWE,TOT,A,2006,NA,342150.661,37679.716019,3.704167
SWE,TOT,A,2007,NA,373749.881,40855.465147,4.1675
SWE,TOT,A,2008,NA,388684.19,42158.465614,3.8875
SWE,TOT,A,2009,NA,374814.888,40309.177594,3.25
SWE,TOT,A,2010,NA,396283.62,42256.280065,2.893333
SWE,TOT,A,2011,NA,421515.998,44608.643898,2.605
SWE,TOT,A,2012,NA,432488.303,45432.306926,1.5925
SWE,TOT,A,2013,NA,444616.544,46312.293685,2.120833
SWE,TOT,A,2014,NA,457507.758,47184.719403,1.72
SWE,TOT,A,2015,NA,481170.723,49103.0618,0.7191667
SWE,TOT,A,2016,NA,500423.665,50430.174559,0.5191666
SWE,TOT,A,2017,NA,522476.825,51947.942867,0.655
SWE,TOT,A,2018,NA,544916.384,53553.312077,0.6516666
SWE,TOT,A,2019,NA,566045.637,55068.767404,0.04666667
SWE,TOT,A,2020,NA,556181.706,53719.497913,-0.03833333
CHE,TOT,A,2006,NA,347559.421,46129.811162,2.517083
CHE,TOT,A,2007,NA,386208.981,50804.677376,2.92675
CHE,TOT,A,2008,NA,413714.827,53784.37338,2.896833
CHE,TOT,A,2009,NA,413468.607,53150.627259,2.202667
CHE,TOT,A,2010,NA,429590.099,54809.791037,1.631667
CHE,TOT,A,2011,NA,458820.075,57987.486864,1.471667
CHE,TOT,A,2012,NA,479280.805,59933.617056,0.6466666
CHE,TOT,A,2013,NA,503360.433,62225.11235,0.9491667
CHE,TOT,A,2014,NA,524917.015,64103.009758,0.6925
CHE,TOT,A,2015,NA,546805.519,66020.20952,-0.06916667
CHE,TOT,A,2016,NA,570267.342,68105.138178,-0.362
CHE,TOT,A,2017,NA,584052.298,69103.567686,-0.07208333
CHE,TOT,A,2018,NA,610525.001,71705.600337,0.03316667
CHE,TOT,A,2019,NA,626977.254,73114.493516,-0.489
CHE,TOT,A,2020,NA,613920.341,NA,-0.5238333
TUR,TOT,A,2006,NA,944033.702,13623.402879,NA
TUR,TOT,A,2007,NA,1041497.943,14845.034672,NA
TUR,TOT,A,2008,NA,1139548.435,16038.231645,NA
TUR,TOT,A,2009,NA,1113289.469,15453.982835,NA
TUR,TOT,A,2010,NA,1269742.72,17359.967189,NA
TUR,TOT,A,2011,NA,1454111.872,19590.858369,NA
TUR,TOT,A,2012,NA,1550688.484,20627.440729,NA
TUR,TOT,A,2013,NA,1703669.602,22373.136543,NA
TUR,TOT,A,2014,NA,1860470.92,24104.984583,NA
TUR,TOT,A,2015,NA,2022397.778,25855.912681,NA
TUR,TOT,A,2016,NA,2116398.303,26695.909373,NA
TUR,TOT,A,2017,NA,2264269.34,28193.061398,NA
TUR,TOT,A,2018,NA,2300825.727,28263.241827,NA
TUR,TOT,A,2019,NA,2279166.318,27599.829476,NA
TUR,TOT,A,2020,P,2388848.859,NA,NA
GBR,TOT,A,2006,NA,2108799.349,34668.80413,4.501675
GBR,TOT,A,2007,NA,2177276.634,35507.373473,5.011275
GBR,TOT,A,2008,NA,2264898.174,36634.610738,4.590725
GBR,TOT,A,2009,NA,2182383.458,35052.174843,3.647517
GBR,TOT,A,2010,NA,2288742.51,36468.172567,3.624425
GBR,TOT,A,2011,NA,2351301.204,37154.162977,3.135992
GBR,TOT,A,2012,NA,2439691.339,38296.701025,1.918042
GBR,TOT,A,2013,NA,2560720.871,39945.104528,2.389783
GBR,TOT,A,2014,NA,2667371.06,41292.491286,2.569083
GBR,TOT,A,2015,NA,2771840.354,42571.653412,1.901033
GBR,TOT,A,2016,NA,2896753.121,44125.534988,1.305208
GBR,TOT,A,2017,NA,3021843.667,45757.778123,1.235808
GBR,TOT,A,2018,NA,3133332.404,47163.170633,1.460658
GBR,TOT,A,2019,NA,3242466.168,48542.092734,0.935825
GBR,TOT,A,2020,NA,2950090.777,43902.773625,0.3744417
USA,TOT,A,2006,NA,13814609,46230.846201,4.791667
USA,TOT,A,2007,NA,14451860,47902.060352,4.629167
USA,TOT,A,2008,NA,14712845,48311.223702,3.666667
USA,TOT,A,2009,NA,14448932,47028.160396,3.256667
USA,TOT,A,2010,NA,14992052,48396.74085,3.214167
USA,TOT,A,2011,NA,15542582,49814.371334,2.785833
USA,TOT,A,2012,NA,16197007,51548.021718,1.8025
USA,TOT,A,2013,NA,16784851,53056.676476,2.350833
USA,TOT,A,2014,NA,17527258,55008.012403,2.540833
USA,TOT,A,2015,NA,18238301,56831.654815,2.135833
USA,TOT,A,2016,NA,18745075,58000.888034,1.841667
USA,TOT,A,2017,NA,19542980,60091.568784,2.33
USA,TOT,A,2018,NA,20611861,63043.046469,2.91
USA,TOT,A,2019,NA,21433226,65240.379025,2.144167
CHL,TOT,A,2006,NA,257648.251,15685.218973,6.16
CHL,TOT,A,2007,NA,280051.852,16872.268785,6.0875
CHL,TOT,A,2008,NA,275716.447,16447.33384,7.10119
CHL,TOT,A,2009,NA,272874.1,16119.89398,5.665295
CHL,TOT,A,2010,NA,309886.434,18129.087986,6.252874
CHL,TOT,A,2011,NA,350575.242,20302.78871,5.969645
CHL,TOT,A,2012,NA,374241.572,21446.537619,5.42557
CHL,TOT,A,2013,NA,394291.936,22352.530726,5.308737
CHL,TOT,A,2014,NA,404667.282,22687.933017,4.736615
CHL,TOT,A,2015,NA,407878.248,22603.768381,4.480221
CHL,TOT,A,2016,NA,426776.809,23349.677001,4.405277
CHL,TOT,A,2017,NA,451984.54,24402.005375,4.244958
CHL,TOT,A,2018,NA,463368.859,24686.142367,4.497857
CHL,TOT,A,2019,NA,492274.022,25856.985466,3.577887
CHL,TOT,A,2020,NA,476386.27,NA,2.798563
CHN,TOT,A,2006,NA,7651865.385,5821.210961,NA
CHN,TOT,A,2007,NA,8975591.932,6793.052193,NA
CHN,TOT,A,2008,NA,10033233.895,7555.032225,NA
CHN,TOT,A,2009,NA,11059906.363,8287.678054,NA
CHN,TOT,A,2010,NA,12378809.289,9231.648126,NA
CHN,TOT,A,2011,NA,13844365.747,10275.255685,NA
CHN,TOT,A,2012,NA,15124539.502,11169.935527,NA
CHN,TOT,A,2013,NA,16185062.522,11894.484186,NA
CHN,TOT,A,2014,NA,17121277.096,12517.200433,NA
CHN,TOT,A,2015,NA,17796747.039,12946.666743,NA
CHN,TOT,A,2016,NA,18712097.153,13532.915183,NA
CHN,TOT,A,2017,NA,19887035.113,14306.396116,NA
CHN,TOT,A,2018,NA,21746510.71,NA,NA
CHN,TOT,A,2019,NA,23523357.394,NA,NA
COL,TOT,A,2006,NA,386455.856,9160.70697,9.176215
COL,TOT,A,2007,NA,423576.909,9922.22572,10.0247
COL,TOT,A,2008,NA,445994.474,10324.87588,11.90042
COL,TOT,A,2009,NA,454515.97,10399.468562,9.560506
COL,TOT,A,2010,NA,480479.224,10866.058552,8.476134
COL,TOT,A,2011,NA,524596.546,11726.775903,8.103227
COL,TOT,A,2012,NA,548251.361,12115.059684,6.820576
COL,TOT,A,2013,NA,585888.316,12799.508325,6.497984
COL,TOT,A,2014,NA,618792.732,13365.993539,7.056633
COL,TOT,A,2015,NA,624119.465,13330.562044,7.871916
COL,TOT,A,2016,NA,665398.39,14054.69606,7.9225
COL,TOT,A,2017,NA,693117.075,14479.812544,6.816667
COL,TOT,A,2018,NA,738255.957,15256.201618,7.009167
COL,TOT,A,2019,P,786356.837,16077.321381,6.4975
EST,TOT,A,2006,NA,26003.489,19251.861485,NA
EST,TOT,A,2007,NA,29715.859,22128.125303,NA
EST,TOT,A,2008,NA,30525.864,22807.728472,NA
EST,TOT,A,2009,NA,27502.871,20590.604838,NA
EST,TOT,A,2010,NA,29046.155,21785.161132,NA
EST,TOT,A,2011,NA,32895.25,24738.851132,NA
EST,TOT,A,2012,NA,34642.164,26141.083529,NA
EST,TOT,A,2013,NA,36432.845,27596.458609,NA
EST,TOT,A,2014,NA,38300.163,29107.89112,NA
EST,TOT,A,2015,NA,38658.851,29436.42026,NA
EST,TOT,A,2016,NA,41548.815,31574.446846,NA
EST,TOT,A,2017,NA,44601.599,33902.097344,NA
EST,TOT,A,2018,NA,48023.215,36406.04542,NA
EST,TOT,A,2019,NA,51509.344,38880.845059,NA
EST,TOT,A,2020,NA,50979.442,38359.249172,NA
IND,TOT,A,2006,E,3692995.072,3267.10439,NA
IND,TOT,A,2007,E,4117624.683,3591.547682,NA
IND,TOT,A,2008,E,4339909.661,3732.94869,NA
IND,TOT,A,2009,E,4700537.017,3987.849459,NA
IND,TOT,A,2010,E,5170042.756,4295.763887,NA
IND,TOT,A,2011,NA,5618380.736,4605.230111,NA
IND,TOT,A,2012,NA,6153155.414,4982.312076,8.259556
IND,TOT,A,2013,NA,6477517.562,5177.871752,8.109959
IND,TOT,A,2014,NA,6781021.981,5352.029977,8.586291
IND,TOT,A,2015,NA,7155724.182,5577.337632,7.776181
IND,TOT,A,2016,NA,7665672.881,5901.21084,7.205917
IND,TOT,A,2017,E,8123456.655,NA,6.92425
IDN,TOT,A,2006,E,1683312.047,7495.84456,NA
IDN,TOT,A,2007,E,1838206.148,8063.035321,NA
IDN,TOT,A,2008,NA,1986656.18,8583.717617,NA
IDN,TOT,A,2009,NA,2052493.739,8735.401828,NA
IDN,TOT,A,2010,NA,2056981.02,8623.978571,NA
IDN,TOT,A,2011,NA,2229511.719,9213.212405,NA
IDN,TOT,A,2012,NA,2413435.226,9833.689555,NA
IDN,TOT,A,2013,NA,2535041.373,10188.331849,NA
IDN,TOT,A,2014,NA,2622251.601,10398.959732,NA
IDN,TOT,A,2015,NA,2647706.549,10364.397282,NA
IDN,TOT,A,2016,NA,2744896.64,10610.141435,NA
IDN,TOT,A,2017,NA,2894125.53,11050.882373,NA
IDN,TOT,A,2018,NA,3117888.945,NA,NA
IDN,TOT,A,2019,NA,3338143.992,NA,NA
ISR,TOT,A,2006,NA,181326.484,25580.825491,6.314167
ISR,TOT,A,2007,NA,197446.979,27352.814955,5.554167
ISR,TOT,A,2008,NA,200719.741,27304.814799,5.923333
ISR,TOT,A,2009,NA,205786.471,27504.022421,5.063334
ISR,TOT,A,2010,NA,219755.294,28836.15537,4.684166
ISR,TOT,A,2011,NA,236754.913,30497.568631,4.98
ISR,TOT,A,2012,NA,250707.948,31706.1862,4.399167
ISR,TOT,A,2013,NA,275250.515,34167.038321,3.795833
ISR,TOT,A,2014,NA,281527.436,34282.236043,2.885833
ISR,TOT,A,2015,NA,297285.641,35487.894439,2.07
ISR,TOT,A,2016,NA,322994.484,37806.427116,1.879167
ISR,TOT,A,2017,NA,338372.035,38849.910298,1.909167
ISR,TOT,A,2018,NA,358359.666,40351.274189,1.994167
ISR,TOT,A,2019,NA,379793.445,41964.735422,1.468333
ISR,TOT,A,2020,NA,375388.66,NA,0.7775
RUS,TOT,A,2006,E,2291243.855,16017.124233,6.976666
RUS,TOT,A,2007,E,2553606.502,17881.758587,6.7175
RUS,TOT,A,2008,E,3091455.591,21657.589062,7.523334
RUS,TOT,A,2009,E,2973733.08,20826.597968,9.874166
RUS,TOT,A,2010,E,3143873.887,22008.299275,7.831666
RUS,TOT,A,2011,NA,3259319.17,22798.673917,8.060833
RUS,TOT,A,2012,NA,3480301.72,24303.491049,8.154166
RUS,TOT,A,2013,NA,3741783.371,26073.873547,7.330833
RUS,TOT,A,2014,NA,3763536.922,25761.66151,8.464167
RUS,TOT,A,2015,NA,3526234.314,24085.312853,10.88667
RUS,TOT,A,2016,NA,3538975.3,24128.081806,10.43833
RUS,TOT,A,2017,NA,3807099.411,25926.431403,8.9925
RUS,TOT,A,2018,NA,4242503.062,28893.861781,NA
RUS,TOT,A,2019,NA,4315441.136,29403.808518,NA
SVN,TOT,A,2006,NA,51548.468,25673.49132,3.853333
SVN,TOT,A,2007,NA,55572.363,27526.53765,4.529167
SVN,TOT,A,2008,NA,59839.586,NA,4.606667
SVN,TOT,A,2009,NA,56209.216,27531.134559,4.375
SVN,TOT,A,2010,NA,57049.221,27844.90244,3.8325
SVN,TOT,A,2011,NA,59391.555,28931.423641,4.970833
SVN,TOT,A,2012,NA,59745.667,29048.325999,5.808333
SVN,TOT,A,2013,NA,61744.434,29979.618841,5.811666
SVN,TOT,A,2014,NA,63653.392,30872.72888,3.27
SVN,TOT,A,2015,NA,65265.909,31631.838376,1.706667
SVN,TOT,A,2016,NA,70079.359,33942.76789,1.149167
SVN,TOT,A,2017,NA,75434.833,36515.702826,0.96
SVN,TOT,A,2018,NA,80706.96,38952.0625,0.9308333
SVN,TOT,A,2019,NA,86028.575,41181.425696,0.275
SVN,TOT,A,2020,NA,81448.053,38727.415299,0.07916667
SVN,TOT,A,2008,B,NA,29594.665839,4.606667
ZAF,TOT,A,2006,NA,510032.429,10580.512387,7.9375
ZAF,TOT,A,2007,NA,551807.921,11300.497099,7.985
ZAF,TOT,A,2008,NA,580492.268,11732.029766,9.1
ZAF,TOT,A,2009,NA,575921.095,11483.44306,8.703333
ZAF,TOT,A,2010,NA,600342.463,11806.055909,8.615
ZAF,TOT,A,2011,NA,633011.149,12227.241685,8.52
ZAF,TOT,A,2012,NA,637033.795,12174.458197,7.9
ZAF,TOT,A,2013,NA,668457.699,12587.617396,7.7225
ZAF,TOT,A,2014,NA,682954.739,12667.868135,8.25
ZAF,TOT,A,2015,NA,695228.551,12698.124385,8.165833
ZAF,TOT,A,2016,NA,707743.902,12724.643279,9.020833
ZAF,TOT,A,2017,NA,724100.729,12810.965544,9.0525
ZAF,TOT,A,2018,NA,747577.76,NA,9.131667
ZAF,TOT,A,2019,NA,763258.133,NA,9.0725
ZAF,TOT,A,2020,NA,726299.553,NA,10.075
EU28,TOT,A,2006,NA,14813541.372,29823.970847,NA
EU28,TOT,A,2007,NA,15761199.171,31603.033196,NA
EU28,TOT,A,2008,NA,16549326.44,33052.83263,NA
EU28,TOT,A,2009,NA,16212325.892,32263.407949,NA
EU28,TOT,A,2010,NA,16803770.173,33358.569993,NA
EU28,TOT,A,2011,NA,17539821.165,34740.443621,NA
EU28,TOT,A,2012,NA,17856026.49,35282.913466,NA
EU28,TOT,A,2013,NA,18525434.827,36530.05932,NA
EU28,TOT,A,2014,NA,19110679.11,37595.626444,NA
EU28,TOT,A,2015,NA,19758973.927,38758.925879,NA
EU28,TOT,A,2016,NA,20971978.546,41013.178147,NA
EU28,TOT,A,2017,NA,22054487.068,43038.906204,NA
EU28,TOT,A,2018,NA,23072216.837,44923.366986,NA
EU28,TOT,A,2019,NA,24036219.36,46683.037386,NA
OECD,TOT,A,2006,NA,39724770.027,31769.865064,NA
OECD,TOT,A,2007,NA,41962098.897,33305.852937,NA
OECD,TOT,A,2008,NA,43372491.529,NA,NA
OECD,TOT,A,2009,NA,42525519.112,33249.404378,NA
OECD,TOT,A,2010,B,44463265.921,34536.850043,NA
OECD,TOT,A,2011,NA,46498957.003,35896.262919,NA
OECD,TOT,A,2012,NA,48025015.447,36857.259674,NA
OECD,TOT,A,2013,NA,50056801.347,38197.867187,NA
OECD,TOT,A,2014,NA,51870315.184,39341.363451,NA
OECD,TOT,A,2015,NA,53718452.869,40494.209134,NA
OECD,TOT,A,2016,NA,55939244.344,41905.881358,NA
OECD,TOT,A,2017,NA,58418898.247,43519.028475,NA
OECD,TOT,A,2018,P,61070590.566,45244.937562,NA
OECD,TOT,A,2019,E,63079189.279,46484.349363,NA
OECD,TOT,A,2008,B,NA,34160.105412,NA
OECDE,TOT,A,2006,NA,15935803.695,29286.658723,NA
OECDE,TOT,A,2007,NA,16968978.106,30994.974911,NA
OECDE,TOT,A,2008,NA,17836449.795,NA,NA
OECDE,TOT,A,2009,NA,17456370.88,31510.498427,NA
OECDE,TOT,A,2010,B,18223253.112,32740.467885,NA
OECDE,TOT,A,2011,NA,19168169.585,34275.131364,NA
OECDE,TOT,A,2012,NA,19599738.109,34895.168677,NA
OECDE,TOT,A,2013,NA,20438332.794,36239.889538,NA
OECDE,TOT,A,2014,NA,21177349.581,37383.244752,NA
OECDE,TOT,A,2015,NA,21957532.343,38568.571243,NA
OECDE,TOT,A,2016,NA,23211788.413,40561.886245,NA
OECDE,TOT,A,2017,NA,24413641.764,42481.417902,NA
OECDE,TOT,A,2018,P,25470463.391,44125.430493,NA
OECDE,TOT,A,2019,P,26348386.562,45433.062017,NA
OECDE,TOT,A,2020,E,25133304.083,NA,NA
OECDE,TOT,A,2008,B,NA,32379.484799,NA
LVA,TOT,A,2006,NA,35048.854,15797.285944,4.133333
LVA,TOT,A,2007,NA,40013.9,18179.666228,5.2825
LVA,TOT,A,2008,NA,42500.525,19516.020113,6.431667
LVA,TOT,A,2009,NA,36356.754,16973.369602,12.3575
LVA,TOT,A,2010,NA,37035.492,17658.75357,10.3375
LVA,TOT,A,2011,NA,40945.395,19887.749141,5.9075
LVA,TOT,A,2012,NA,43549.741,21414.570348,4.565
LVA,TOT,A,2013,NA,45914.339,22811.030828,3.34
LVA,TOT,A,2014,NA,47459.627,23798.233545,2.508333
LVA,TOT,A,2015,NA,49361.737,24964.048128,0.9633333
LVA,TOT,A,2016,NA,52339.473,26712.835239,0.5341667
LVA,TOT,A,2017,NA,55645.386,28666.003742,0.8341666
LVA,TOT,A,2018,NA,59355.896,30814.222639,0.9025
LVA,TOT,A,2019,NA,61247.544,32013.343219,0.3425
LVA,TOT,A,2020,NA,59629.992,31367.284335,-0.0625
BRA,TOT,A,2006,NA,2190727.859,11711.263786,NA
BRA,TOT,A,2007,NA,2386123.391,12622.435746,NA
BRA,TOT,A,2008,NA,2556454.782,13383.860084,NA
BRA,TOT,A,2009,NA,2572703.03,13331.386494,NA
BRA,TOT,A,2010,NA,2798617.242,14359.933545,NA
BRA,TOT,A,2011,NA,2970630.763,15109.737403,NA
BRA,TOT,A,2012,NA,2998534.425,15120.063649,NA
BRA,TOT,A,2013,NA,3133893.65,15669.140139,NA
BRA,TOT,A,2014,NA,3187155.079,15800.088894,NA
BRA,TOT,A,2015,NA,3014754.849,14816.290598,NA
BRA,TOT,A,2016,NA,2939094.21,14326.10209,NA
BRA,TOT,A,2017,NA,3018705.989,14596.889676,NA
BRA,TOT,A,2018,NA,3184211.037,15272.36895,NA
LTU,TOT,A,2006,NA,53828.551,16461.788562,4.080833
LTU,TOT,A,2007,NA,61625.453,19071.447238,4.545833
LTU,TOT,A,2008,NA,66270.653,20721.033864,5.6075
LTU,TOT,A,2009,NA,57343.818,18130.047804,14.00417
LTU,TOT,A,2010,NA,62292.855,20112.103125,5.566667
LTU,TOT,A,2011,NA,69297.819,22884.804355,5.16
LTU,TOT,A,2012,NA,73809.042,24703.697943,4.830833
LTU,TOT,A,2013,NA,79034.188,26721.601926,3.831667
LTU,TOT,A,2014,NA,82647.295,28184.499091,2.7925
LTU,TOT,A,2015,NA,83761.504,28834.457574,1.380833
LTU,TOT,A,2016,NA,88700.479,30925.151813,0.8983333
LTU,TOT,A,2017,NA,95492.278,33761.906595,0.31
LTU,TOT,A,2018,NA,101826.049,36346.416674,0.31
LTU,TOT,A,2019,NA,108289.967,38756.14082,0.31
LTU,TOT,A,2020,NA,108372.481,38777.34523,0.2233333
SAU,TOT,A,2006,NA,1189455.013,48394.517286,NA
SAU,TOT,A,2007,NA,1243968.072,49261.050327,NA
SAU,TOT,A,2008,NA,1347422.314,51942.263614,NA
SAU,TOT,A,2009,NA,1329736.076,49874.781069,NA
SAU,TOT,A,2010,NA,1413023.435,51351.20235,NA
SAU,TOT,A,2011,NA,1586748.999,56127.033075,NA
SAU,TOT,A,2012,NA,1672470.749,57693.997325,NA
SAU,TOT,A,2013,NA,1680157.973,56563.342326,NA
SAU,TOT,A,2014,NA,1722861.572,56613.468127,NA
SAU,TOT,A,2015,NA,1541832.174,49491.352769,NA
SAU,TOT,A,2016,NA,1475671.823,46289.738474,NA
SAU,TOT,A,2017,NA,1565891.657,47862.014148,NA
SAU,TOT,A,2018,NA,1643081.118,49173.934198,NA
SAU,TOT,A,2019,NA,1680540.376,49112.515397,NA
EA19,TOT,A,2006,NA,10747111.269,32598.726457,3.859517
EA19,TOT,A,2007,NA,11430222.948,34485.804043,4.3317
EA19,TOT,A,2008,NA,11931468.501,35819.422147,4.356
EA19,TOT,A,2009,NA,11669585.763,34922.115765,4.028792
EA19,TOT,A,2010,NA,12029243.736,35915.167554,3.781917
EA19,TOT,A,2011,NA,12552232.11,37379.594814,4.311008
EA19,TOT,A,2012,NA,12704236.259,37735.292195,3.04785
EA19,TOT,A,2013,NA,13148107.062,38969.473823,3.011842
EA19,TOT,A,2014,NA,13520383.133,39985.273246,2.281667
EA19,TOT,A,2015,NA,13929246.002,41070.906164,1.269233
EA19,TOT,A,2016,NA,14821602.279,43562.937373,0.9294167
EA19,TOT,A,2017,NA,15556126.88,45623.089819,1.170442
EA19,TOT,A,2018,NA,16250956.615,47548.319552,1.264733
EA19,TOT,A,2019,NA,16868233.203,49215.389518,0.58445
EA19,TOT,A,2020,NA,15917398.098,46367.710403,0.2132417
ARG,TOT,A,2006,NA,587451.577,15074.069861,NA
ARG,TOT,A,2007,NA,657569.211,16708.232833,NA
ARG,TOT,A,2008,NA,697557.859,17550.391451,NA
ARG,TOT,A,2009,NA,661275.817,16476.698479,NA
ARG,TOT,A,2010,NA,736718.361,18061.934358,NA
ARG,TOT,A,2011,NA,797263.882,19322.22713,NA
ARG,TOT,A,2012,NA,819697.902,19641.352863,NA
ARG,TOT,A,2013,NA,849616,20131.680421,NA
ARG,TOT,A,2014,NA,839896.688,19683.771502,NA
ARG,TOT,A,2015,NA,867176.759,20105.198994,NA
ARG,TOT,A,2016,NA,885227.529,20307.870053,NA
ARG,TOT,A,2017,NA,1037824.307,23562.918839,NA
ARG,TOT,A,2018,NA,1041835.393,23414.924229,NA
ARG,TOT,A,2019,NA,1045205.887,23258.474498,NA
CRI,TOT,A,2006,NA,47971.068,11205.664332,NA
CRI,TOT,A,2007,NA,53297.55,12278.747842,NA
CRI,TOT,A,2008,NA,56911.82,12926.352146,NA
CRI,TOT,A,2009,NA,56779.592,12701.994593,NA
CRI,TOT,A,2010,NA,60553.221,13318.135538,NA
CRI,TOT,A,2011,NA,64567.752,14068.154868,NA
CRI,TOT,A,2012,NA,69073.803,14852.929898,NA
CRI,TOT,A,2013,NA,73210.057,15542.368395,NA
CRI,TOT,A,2014,NA,79269.13,16615.974075,9.823334
CRI,TOT,A,2015,NA,85240.084,17649.314854,10.0575
CRI,TOT,A,2016,NA,93454.856,19119.336147,8.905
CRI,TOT,A,2017,NA,100716.907,20368.230268,NA
CRI,TOT,A,2018,E,104960.285,20988.161555,10.34273
CRI,TOT,A,2019,E,109998.851,21759.381303,10.34818
BGR,TOT,A,2006,NA,86597.081,11247.805714,NA
BGR,TOT,A,2007,NA,96549.248,12604.728791,NA
BGR,TOT,A,2008,NA,107410.912,14089.642678,NA
BGR,TOT,A,2009,NA,105648.489,13928.367151,NA
BGR,TOT,A,2010,NA,110040.697,14605.319424,NA
BGR,TOT,A,2011,NA,115128.421,15667.294737,NA
BGR,TOT,A,2012,NA,118701.781,16247.413194,NA
BGR,TOT,A,2013,NA,120520.814,16588.975372,NA
BGR,TOT,A,2014,NA,126862.574,17561.417568,NA
BGR,TOT,A,2015,NA,131666.906,18343.141628,NA
BGR,TOT,A,2016,NA,142696.411,20019.638626,NA
BGR,TOT,A,2017,NA,151335.246,21387.279564,NA
BGR,TOT,A,2018,NA,160951.517,22911.128872,NA
BGR,TOT,A,2019,NA,171459.528,24579.331314,NA
HRV,TOT,A,2006,NA,75104.328,17413.442983,NA
HRV,TOT,A,2007,NA,83268.104,19307.4334,NA
HRV,TOT,A,2008,NA,89507.429,20763.138285,NA
HRV,TOT,A,2009,NA,86145.14,20004.344703,NA
HRV,TOT,A,2010,NA,85111.874,19810.265595,NA
HRV,TOT,A,2011,NA,89055.653,20793.207219,NA
HRV,TOT,A,2012,NA,90338.799,21161.27599,NA
HRV,TOT,A,2013,NA,92861.599,21826.808171,NA
HRV,TOT,A,2014,NA,93502.185,22072.90031,NA
HRV,TOT,A,2015,NA,96704.418,22981.128967,NA
HRV,TOT,A,2016,NA,103842.682,24887.753281,NA
HRV,TOT,A,2017,NA,110537.908,26765.579327,NA
HRV,TOT,A,2018,NA,116725.695,28533.220285,NA
HRV,TOT,A,2019,P,122958.156,30231.57293,NA
CYP,TOT,A,2006,NA,22510.259,29975.110725,NA
CYP,TOT,A,2007,NA,25193.793,32841.835601,NA
CYP,TOT,A,2008,NA,27398.527,34830.170302,NA
CYP,TOT,A,2009,NA,27400.309,33909.804342,NA
CYP,TOT,A,2010,NA,27744.149,33449.01196,NA
CYP,TOT,A,2011,NA,28345.721,33313.379158,NA
CYP,TOT,A,2012,NA,27503.333,31834.588088,NA
CYP,TOT,A,2013,NA,26181.605,30375.241354,NA
CYP,TOT,A,2014,NA,25643.656,30080.39344,NA
CYP,TOT,A,2015,NA,26968.66,31815.270718,NA
CYP,TOT,A,2016,NA,30416.939,35719.036739,NA
CYP,TOT,A,2017,NA,32705.482,38050.911642,NA
CYP,TOT,A,2018,NA,35217.357,40476.556692,NA
CYP,TOT,A,2019,P,36614.025,41514.759302,NA
MLT,TOT,A,2006,NA,9439.497,23292.963028,NA
MLT,TOT,A,2007,NA,10179.831,25027.980225,NA
MLT,TOT,A,2008,NA,10858.152,26523.730131,NA
MLT,TOT,A,2009,NA,11000.439,26670.83555,NA
MLT,TOT,A,2010,NA,11914.869,28747.240738,NA
MLT,TOT,A,2011,NA,12060.601,28972.885652,NA
MLT,TOT,A,2012,NA,12703.265,30241.405423,NA
MLT,TOT,A,2013,NA,13757.008,32287.913935,NA
MLT,TOT,A,2014,NA,14924.522,34318.634806,NA
MLT,TOT,A,2015,NA,16669.497,37430.609208,NA
MLT,TOT,A,2016,NA,18162.782,39859.419748,NA
MLT,TOT,A,2017,NA,19957.387,42598.933746,NA
MLT,TOT,A,2018,NA,21557.377,44427.223626,NA
MLT,TOT,A,2019,NA,23573.484,46704.582863,NA
PER,TOT,A,2007,NA,227418.352,7984.661964,NA
PER,TOT,A,2008,NA,253001.151,8782.617152,NA
PER,TOT,A,2009,NA,257723.487,8846.744897,NA
PER,TOT,A,2010,NA,282451.55,9586.999943,NA
PER,TOT,A,2011,NA,306596.257,10289.261223,NA
PER,TOT,A,2012,NA,317798.191,10545.510648,NA
PER,TOT,A,2013,P,336436.393,11039.698214,NA
PER,TOT,A,2014,P,346784.744,11254.065501,NA
ROU,TOT,A,2006,NA,244600.829,11541.177403,NA
ROU,TOT,A,2007,NA,285751.74,13683.475271,NA
ROU,TOT,A,2008,NA,344669.95,16782.182633,NA
ROU,TOT,A,2009,NA,338997.706,16644.099913,NA
ROU,TOT,A,2010,NA,343978.551,16989.279852,NA
ROU,TOT,A,2011,NA,360564.155,17896.080991,NA
ROU,TOT,A,2012,NA,378485.712,18867.513229,NA
ROU,TOT,A,2013,NA,395316.781,19777.022952,NA
ROU,TOT,A,2014,NA,411274.339,20649.982263,NA
ROU,TOT,A,2015,NA,428132.022,21598.558302,NA
ROU,TOT,A,2016,NA,478201.584,24266.283962,NA
ROU,TOT,A,2017,NA,531675.182,27136.07319,NA
ROU,TOT,A,2018,NA,569588.089,29244.574126,NA
ROU,TOT,A,2019,P,625706.833,32293.146149,NA
MKD,TOT,A,2006,NA,17706.26,NA,NA
MKD,TOT,A,2007,NA,19086.008,NA,NA
MKD,TOT,A,2008,NA,21537.219,NA,NA
MKD,TOT,A,2009,NA,22594.461,NA,NA
MKD,TOT,A,2010,NA,23364.758,NA,NA
MKD,TOT,A,2011,NA,24064.035,NA,NA
MKD,TOT,A,2012,NA,24558.787,NA,NA
MKD,TOT,A,2013,NA,26269.659,NA,NA
MKD,TOT,A,2014,NA,27776.156,NA,NA
MKD,TOT,A,2015,NA,28751.752,NA,NA
MKD,TOT,A,2016,NA,31373.286,NA,NA
MKD,TOT,A,2017,NA,32583.022,NA,NA
MKD,TOT,A,2018,NA,34726.373,NA,NA
MKD,TOT,A,2019,P,36634.491,NA,NA
MKD,TOT,A,2006,E,NA,8678.569401,NA
MKD,TOT,A,2007,E,NA,9339.5921300000009,NA
MKD,TOT,A,2008,E,NA,10521.88172,NA
MKD,TOT,A,2009,E,NA,11018.081685,NA
MKD,TOT,A,2010,E,NA,11369.68999,NA
MKD,TOT,A,2011,E,NA,11689.860896,NA
MKD,TOT,A,2012,E,NA,11915.702401,NA
MKD,TOT,A,2013,E,NA,12727.350485,NA
MKD,TOT,A,2014,E,NA,13434.846939,NA
MKD,TOT,A,2015,E,NA,13888.218744,NA
MKD,TOT,A,2016,E,NA,15137.967397,NA
MKD,TOT,A,2017,E,NA,15706.430869,NA
MKD,TOT,A,2018,E,NA,16725.791726,NA
ZMB,TOT,A,2006,NA,28812.479,2366.722411,NA
ZMB,TOT,A,2007,NA,32057.694,2564.000152,NA
ZMB,TOT,A,2008,NA,35221.847,2741.213127,NA
ZMB,TOT,A,2009,NA,38762.674,2933.232987,NA
ZMB,TOT,A,2010,NA,43252.758,3178.947393,NA
ZMB,TOT,A,2011,NA,46613.602,3324.081982,NA
ZMB,TOT,A,2012,NA,49607.768,3429.503474,NA
ZMB,TOT,A,2013,NA,53493.8,3583.693952,NA
ZMB,TOT,A,2014,NA,54507.864,3539.471693,NA
ZMB,TOT,A,2015,NA,54481.786,3431.059027,NA
ZMB,TOT,A,2016,NA,55729.642,3405.832772,NA
ZMB,TOT,A,2017,NA,58735.191,3484.940724,NA
ZMB,TOT,A,2018,NA,63115.611,3637.368088,NA
HKG,TOT,A,2006,NA,285921.258,NA,NA
HKG,TOT,A,2007,NA,312582.464,NA,NA
HKG,TOT,A,2008,NA,325443.454,NA,NA
HKG,TOT,A,2009,NA,319860.564,NA,NA
HKG,TOT,A,2010,NA,345486.833,NA,NA
HKG,TOT,A,2011,NA,369685.332,NA,NA
HKG,TOT,A,2012,NA,373485.399,NA,NA
HKG,TOT,A,2013,NA,385454.66,NA,NA
HKG,TOT,A,2014,NA,395992.927,NA,NA
HKG,TOT,A,2015,NA,411282.706,NA,NA
HKG,TOT,A,2016,NA,419837.588,NA,NA
HKG,TOT,A,2017,NA,442387.688,NA,NA
HKG,TOT,A,2018,NA,466106.548,NA,NA
HKG,TOT,A,2006,E,NA,41697.718813,NA
HKG,TOT,A,2007,E,NA,45197.00174,NA
HKG,TOT,A,2008,E,NA,46772.557397,NA
HKG,TOT,A,2009,E,NA,45871.298403,NA
HKG,TOT,A,2010,E,NA,49186.621974,NA
HKG,TOT,A,2011,E,NA,52274.50957,NA
HKG,TOT,A,2012,E,NA,52235.720172,NA
HKG,TOT,A,2013,E,NA,53691.971048,NA
HKG,TOT,A,2014,E,NA,54778.382506,NA
HKG,TOT,A,2015,E,NA,56409.642787,NA
HKG,TOT,A,2016,E,NA,57221.969152,NA
HKG,TOT,A,2017,E,NA,59846.819225,NA
HKG,TOT,A,2018,E,NA,62556.2405,NA
MDG,TOT,A,2007,E,30541.742,1571.562292,NA
MDG,TOT,A,2008,E,33333.025,1666.984633,NA
MDG,TOT,A,2009,E,32227.722,1566.810322,NA
MDG,TOT,A,2010,E,32809.07,1551.109609,NA
MDG,TOT,A,2011,E,34048.44,1565.877486,NA
MDG,TOT,A,2012,E,34699.876,1552.77558,NA
MDG,TOT,A,2013,E,35730.697,1556.147235,NA
MDG,TOT,A,2014,E,37125.674,1573.788648,NA
MDG,TOT,A,2015,E,37860.909,1562.305391,NA
MDG,TOT,A,2016,E,40437.411,1624.383829,NA
MDG,TOT,A,2017,E,40952.508,1601.521574,NA
MDG,TOT,A,2018,E,43476.259,1655.481656,NA
MAR,TOT,A,2007,NA,174476.004,NA,NA
MAR,TOT,A,2008,NA,188405.513,NA,NA
MAR,TOT,A,2009,NA,197898.249,NA,NA
MAR,TOT,A,2010,NA,207843.489,NA,NA
MAR,TOT,A,2011,NA,223315.73,NA,NA
MAR,TOT,A,2012,NA,225677.095,NA,NA
MAR,TOT,A,2013,NA,235384.98,NA,NA
MAR,TOT,A,2014,NA,233044.129,NA,NA
MAR,TOT,A,2015,NA,247397.868,NA,NA
MAR,TOT,A,2016,NA,252196.888,NA,NA
MAR,TOT,A,2017,NA,264212.938,NA,NA
MAR,TOT,A,2018,NA,279235.646,NA,NA
MAR,TOT,A,2007,E,NA,5657.274524,NA
MAR,TOT,A,2008,E,NA,6042.899269,NA
MAR,TOT,A,2009,E,NA,6279.693123,NA
MAR,TOT,A,2010,E,NA,6525.49337,NA
MAR,TOT,A,2011,E,NA,6938.287763,NA
MAR,TOT,A,2012,E,NA,6923.247392,NA
MAR,TOT,A,2013,E,NA,7143.701966,NA
MAR,TOT,A,2014,E,NA,6900.513126,NA
MAR,TOT,A,2015,E,NA,7249.966832,NA
MAR,TOT,A,2016,E,NA,7312.810289,NA
MAR,TOT,A,2017,E,NA,7581.215412,NA
MAR,TOT,A,2018,E,NA,7928.326114,NA
SGP,TOT,A,2006,NA,281491.798,63960.872088,NA
SGP,TOT,A,2007,NA,315132.192,68671.212114,NA
SGP,TOT,A,2008,NA,327263.784,67630.457453,NA
SGP,TOT,A,2009,NA,330157.7,66190.396875,NA
SGP,TOT,A,2010,NA,382521.231,75343.949298,NA
SGP,TOT,A,2011,NA,414966.621,80047.57357,NA
SGP,TOT,A,2012,NA,435967.947,82072.279162,NA
SGP,TOT,A,2013,NA,448147.719,83005.689686,NA
SGP,TOT,A,2014,NA,461712.944,84408.216516,NA
SGP,TOT,A,2015,NA,481393.137,86972.563073,NA
SGP,TOT,A,2016,NA,501247.434,89396.724443,NA
SGP,TOT,A,2017,NA,532832.748,94945.250892,NA
SGP,TOT,A,2018,NA,571120.252,101280.413499,NA
EU27_2020,TOT,A,2006,NA,14065855.974,32270.599392,NA
EU27_2020,TOT,A,2007,NA,14937070.787,34149.27149,NA
EU27_2020,TOT,A,2008,NA,15417487.919,35130.03453,NA
EU27_2020,TOT,A,2009,NA,14724698.541,33447.142318,NA
EU27_2020,TOT,A,2010,NA,15270201.888,34628.527973,NA
EU27_2020,TOT,A,2011,NA,15749444.338,35664.752982,NA
EU27_2020,TOT,A,2012,NA,15842238.505,35811.67136,NA
EU27_2020,TOT,A,2013,NA,16021130.922,36163.242927,NA
EU27_2020,TOT,A,2014,NA,16389098.803,36935.272144,NA
EU27_2020,TOT,A,2015,NA,16987124.342,38200.647923,NA
EU27_2020,TOT,A,2016,NA,17459335.476,39172.901704,NA
EU27_2020,TOT,A,2017,NA,18180918.911,40728.649363,NA
EU27_2020,TOT,A,2018,NA,18805294.952,42055.470257,NA
EU27_2020,TOT,A,2019,NA,19426683.524,43354.982276,NA
EU27_2020,TOT,A,2020,NA,18497415.189,41235.245877,NA
